Name,Global sales
Nicktoons: MLB,0.121927939
Shonen Jump's One Piece: Grand Battle,0.184833825
Learn Math,0.127779944
Nitrobike,0.134204729
Cruise Ship Vacation Games,0.122419279
Pro Yaky? Spirits 6,0.180650773
Paperboy / Rampage,0.135748971
Shiren the Wanderer 4 - God's Eye and the Demon's Navel,0.1331715
Vampire Moon: The Mystery of the Hidden Sun,0.127949365
Sentou Kokka Air Land Battle,0.110999445
Quick Yoga Training,0.127779944
Attack on Titan (KOEI),0.126378876
NTRA Breeders' Cup World Thoroughbred Championships,0.184833825
Hulk Hogan's Main Event,0.12077581
Tak 2: The Staff of Dreams,0.122972089
Destroy All Humans! Big Willy Unleashed,0.128556315
Retro Atari Classics,0.127779944
Imagine: Fashion Designer,0.12077581
Need for Speed Underground 2,0.145509254
My Spanish Coach,0.147425446
Ys: The Ark of Napishtim,0.184833825
Dragon Quest Heroes II: Twin Kings and the Prophecy's End,0.157976425
Dragon Age Origins: Awakening,0.134818291
Azure Dreams,0.11939443
Divinity II: The Dragon Knight Saga,0.148347291
SingStar Latino,0.184833825
Kung Fu Panda 2,0.13620582
NHL 2K8,0.129594875
Pro Baseball Spirits 2015,0.126378876
Haunted House,0.128556315
Top Spin 3,0.141390741
Syberia,0.130839746
Kurt Warner's Arena Football Unleashed,0.123606361
Puzzle Kingdoms,0.133916979
Hyperdimension Neptunia,0.121041639
Life is Strange,0.127414722
Suite PreCure: Melody Collection,0.127034464
NHL 2K9,0.195182792
Shin Megami Tensei: Devil Summoner 2 - Raidou Kuzunoha vs. King Abaddon,0.201854312
Rogue Ops,0.139992576
NBA Hoopz,0.123606361
Transworld Surf,0.12718402
History Civil War: Secret Missions,0.113617251
MLB 11: The Show,0.178494762
Castrol Honda Superbike Racing,0.123512943
X-Blades,0.178594175
Teenage Mutant Ninja Turtles: Danger of the Ooze,0.118061172
Army Men: Green Rogue,0.17428283
Chessmaster,0.122972089
Brain Assist,0.127779944
Freddi Fish: ABC under the sea,0.127779944
Adventures to Go!,0.146556486
Monster Rancher DS,0.133986141
Peter Jackson's King Kong: The Official Game of the Movie,0.127779944
Superman: The Man of Steel,0.122972089
Kororinpa: Marble Mania,0.133423198
Ken to Mahou to Gakuen Mono. 3,0.146679967
The Flintstones: Bedrock Bowling,0.123606361
NHL 2003,0.132733774
Chicken Run,0.107482954
Injustice: Gods Among Us,0.095471371
Fatal Inertia,0.127971557
Over the Hedge: Hammy Goes Nuts!,0.127779944
Phantom Brave: We Meet Again,0.132101315
NHL 2K9,0.170600772
Shining Force III,0.116970528
Jikkyou Powerful Pro Yakyuu 2011 Ketteiban,0.150891898
Tales of the Heroes: Twin Brave,0.146679967
WWE Survivor Series,0.125197976
Kouchuu Ouja Mushi King: Greatest Champion e no Michi DS 2,0.127034464
Kung-Fu: High Impact,0.135916508
Euro Truck Simulator 2,0.148429088
Bakugan: Battle Trainer,0.127779944
Super Robot Wars BX,0.123107564
Tomb Raider: Legend,0.122972089
Nagano Winter Olympics '98,0.123606361
I Spy: Universe,0.127779944
Ninjatown,0.127779944
Warcraft III: Reign of Chaos,0.126818898
Winning Post 5,0.180650773
Frogger Beyond,0.128521842
Lord of the Rings: Tactics,0.148955347
RPG Maker II,0.17428283
The Oregon Trail,0.117716008
Alone in the Dark: Inferno,0.168420619
TRON: Evolution,0.156622283
Gravity Rush Remastered,0.14722902
Destruction Derby Arenas,0.178401344
Dengeki Bunko Fighting Climax,0.120172679
MLB Power Pros 2008,0.125762251
Littlest Pet Shop: Spring,0.127779944
The Unholy War,0.11939443
Cabela's Dangerous Hunts 2009,0.121927939
Rumble Roses XX,0.132790557
Total War: WARHAMMER,0.131408601
Wantame Music Channel: Doko Demo Style,0.127034464
Disney's Winnie the Pooh's Rumbly Tumbly Adventure,0.11311708
Shaman King: Power of Spirit,0.162371355
Anno 1701: Dawn of Discovery,0.135429449
Soccer Tsuku DS: World Challenge 2010,0.131246396
The BIGS 2,0.169070871
LEGO Legends of Chima: Laval's Journey,0.114017035
DreamWorks Super Star Kartz,0.120576501
Contra III: The Alien Wars,0.112871771
The Amazing Race,0.122419279
Dead to Rights: Reckoning,0.160347176
Slime MoriMori Dragon Quest 3: Taikaizoku to Shippo Dan,0.116970528
NBA 08,0.162933836
Hasbro Family Fun Pack,0.126912845
Amagami,0.164527366
No Fear Downhill Mountain Biking,0.123606361
NCIS,0.116627408
The IdolM@ster: One for All,0.157976425
Fire ProWrestling,0.11311708
Eternal Poison (JP sales),0.176438841
Mission: Impossible - Operation Surma,0.122972089
Legendary,0.165682342
Chuck E. Cheese's Game Room,0.127779944
MX 2002 Featuring Ricky Carmichael,0.127090603
Romance of the Three Kingdoms IV: Wall of Fire,0.112858789
Illusion of Gaia,0.116970528
Batman: Arkham Knight,0.134659979
Disney's Kim Possible: Kimmunicator,0.129309845
Mega Man Anniversary Collection,0.122972089
Sally's Salon,0.127779944
Disruptor,0.115295673
Pro Evolution Soccer 2017,0.165369584
Zoobles! Spring to Life!,0.130839746
Diablo II,0.134818291
Shrek Smash n' Crash Racing,0.132640356
F1 2011,0.130532222
Drakengard 2,0.191303317
Ben 10 Galactic Racing,0.13648816
Grand Knights History,0.146679967
Scene It? Bright Lights! Big Screen!,0.149700811
Harvest Moon DS (jp sales),0.127034464
Castlevania: Legacy of Darkness,0.107149143
Sin and Punishment,0.093038907
NBA Jam 2000,0.114175971
Sonic Riders,0.127090603
Shrek Super Party,0.122972089
Venetica,0.122305711
Rally Fusion: Race of Champions,0.178401344
The House of the Dead,0.112871771
Transformers: Prime,0.128442746
Persona 4: Arena,0.11663903
Street Fighter IV,0.120699294
Cabela's Alaskan Adventure,0.121927939
RealSports Volleyball,0.134008835
Heroes of the Pacific,0.122972089
RollerCoaster Tycoon,0.122972089
NightCaster,0.122972089
FIFA World Cup Germany 2006,0.132733774
Space Camp,0.122419279
Hitman 2: Silent Assassin,0.145542329
Lovely Lisa and Friends,0.127779944
Digimon Racing,0.117235593
All Star Cheer Squad 2,0.126631211
Ape Escape 3,0.180419866
"Crouching Tiger, Hidden Dragon",0.17428283
Final Fantasy XIV: Heavensward,0.157571997
Last Bronx,0.116970528
Secret Agent Clank,0.144125351
Barbie and the Three Musketeers,0.115868469
Science Papa,0.12394918
Momotaro Douchuuki,0.116970528
Iridion II,0.109018323
Whiplash,0.178401344
007: Quantum of Solace,0.129309845
Family Fortunes,0.140778091
Borderlands: Double Game Add-On Pack,0.133697539
Farming Simulator 2011,0.143489497
Watch Dogs,0.142385999
BlazBlue: Continuum Shift II,0.144402531
Summon Night: Twin Age,0.129572181
Spider-Man: Battle for New York,0.133916979
Pop'n Music Portable,0.146679967
Nintendo Puzzle Collection,0.112635665
Destroy All Humans! Path of the Furon,0.123835612
Army Men: Soldiers of Misfortune,0.118320522
Game Party: Champions,0.122305711
Otogi: Myth of Demons,0.118835309
Margot's Word Brain,0.128556315
Peppa Pig: Fun and Games,0.128697195
Dreamworks 2-in-1 Party Pack,0.127779944
Alter Echo,0.170184073
Walt Disney Pictures Presents: The Wild,0.11311708
Green Lantern: Rise of the Manhunters,0.128442746
Puzzle de Harvest Moon,0.127779944
Metal Max 3,0.1331715
Rock Band Track Pack Volume 1,0.17428283
Puyo Puyo!! 20th Anniversary,0.116970528
My Baby: First Steps,0.122419279
Namco Soccer Prime Goal,0.105529341
NBA 08,0.178494762
Monster Hunter Frontier Online,0.116970528
Shin Megami Tensei: Digital Devil Saga,0.191303317
Deception IV: Blood Ties,0.130570933
Rango: The Video Game,0.133032449
Assassination Classroom: Grand Siege on Kuro-sensei,0.123107564
Megamind: The Blue Defender,0.135689714
Puppies 3D,0.123835612
Cars 2,0.142522866
The Stronghold Collection,0.114738002
Jissen Pachi-Slot Hisshouhou! Aladdin II Evolution,0.176438841
Mystic Ark,0.116970528
One Piece: Unlimited World Red,0.119217126
The Price is Right 2010 Edition,0.127779944
Cabela's Dangerous Hunts 2009,0.162933836
Ty the Tasmanian Tiger 2: Bush Rescue,0.11311708
Teenage Mutant Ninja Turtles 2: Battle Nexus,0.122972089
Tom Clancy's Splinter Cell: Double Agent,0.130418672
LEGO Racers 2,0.178401344
Eat Lead: The Return of Matt Hazard,0.147131955
Yu-Gi-Oh! Nightmare Troubadour (JP sales),0.134231046
Backyard Baseball,0.132733774
Star Wars: Lethal Alliance,0.148955347
Naruto Shippuden: Kizuna Drive,0.135589455
Under Night In-Birth,0.146224972
Sega GT,0.121089042
Steel Battalion: Heavy Armor,0.136058377
Green Lantern: Rise of the Manhunters,0.113284617
Legends of Wrestling,0.128521842
Fit in Six,0.162933836
Gunstar Heroes,0.112871771
All-Star Baseball 2004,0.12718402
Tamagotchi no Pichi Pichi Omisecchi,0.127034464
Shining Wind,0.176438841
Rock Band Track Pack Volume 2,0.14817091
Dokapon Kingdom,0.128556315
Onechanbara: Bikini Samurai Squad,0.136266395
Portal Runner,0.17428283
Pokémon: For Ho-Oh the Bells Toll!: Game Boy Advance Video,0.11311708
Warriors Orochi 2,0.17428283
Hyperdevotion Noire: Goddess Black Heart,0.112889504
Disney's Winnie the Pooh's Rumbly Tumbly Adventure,0.17428283
Assault: Retribution,0.11939443
Sengoku Basara 3 Utage,0.1216738
Spartan: Total Warrior,0.139992576
City Crisis,0.17428283
Zapper: One Wicked Cricket!,0.128521842
Smart Boy's Gameroom,0.127779944
Victorious: Time to Shine,0.117716008
Star Wars: Clone Wars,0.135893819
High Rollers Casino,0.122972089
Advent Rising,0.122972089
Surf Riders,0.123606361
Torino 2006,0.178494762
Nobunaga no Yabou: Ranseiki,0.176438841
Derby Stallion Advance,0.102311794
The X-Factor,0.152918925
Monopoly Party,0.128521842
Snood,0.11311708
TOCA Race Driver 2: Ultimate Racing Simulator,0.116539608
Monster Jam: Urban Assault,0.178401344
DT Racer,0.178401344
Soccer Tsuku: Pro Soccer Club o Tsukurou!,0.162188357
World Cup Golf: Professional Edition,0.123606361
NBA 2K13,0.117496548
Black Dawn,0.11939443
428: Fuusa Sareta Shibuya de,0.109762325
7 Wonders of the Ancient World,0.11875885
Kelly Slater's Pro Surfer,0.117329011
Top Shot Arcade,0.118320522
Warriors of Might and Magic,0.124503441
Twister Mania,0.108694914
Drome Racers,0.178401344
Gungnir: Mayari no Gunshin to Eiyuu Sensou,0.133398613
X-Men: Next Dimension,0.128521842
Dynasty Warriors 5 Empires,0.119245909
Fuse (Insomniac),0.13522744
WipeOut 3 The Game,0.113302048
7th Dragon 2020-II,0.146679967
Doukyuusei 2,0.116970528
Aikatsu! 365 Idol Days,0.111196089
SkullMonkeys,0.11939443
Burnout,0.116539608
Baroque,0.17101501
SBK 2011: FIM Superbike World Championship,0.155507537
Jurassic: The Hunted,0.113617251
Dynasty Warriors: Gundam Reborn,0.126378876
Little Battlers eXperience: Wars,0.123107564
DreamWorks Super Star Kartz,0.125937165
Hour of Victory,0.104596157
Indianapolis 500 Legends,0.126537793
NBA Ballers: Phenom,0.116633025
Shimano Xtreme Fishing,0.126631211
Crash Tag Team Racing,0.122676643
Freedom Fighters,0.124423085
Yu-Gi-Oh! GX: Tag Force,0.139934253
NBA 2K17,0.14795145
Mega Man X Collection,0.128521842
Left Brain Right Brain 2,0.127779944
Detana TwinBee Yahho! Deluxe Pack,0.112871771
Last Ranker,0.146679967
Quantum Redshift,0.116539608
The History Channel: Great Battles - Medieval,0.123835612
Smash Court Tennis Pro Tournament 2,0.178494762
Brothers in Arms: Double Time,0.124790014
Legends of Wrestling II,0.112421094
Power Pro Kun Pocket 13,0.131246396
Armed and Dangerous,0.108322337
Football Manager 2012,0.133753502
Project CARS,0.135527115
Teenage Mutant Ninja Turtles: Arcade Attack,0.133916979
World Soccer Winning Eleven 2002,0.105529341
Actua Tennis,0.123606361
Monster Truck Madness,0.117235593
Resident Evil,0.14829439
Sonic Jam,0.107288493
Puella Magi Madoka Magica Portable,0.136997931
Peter Jacobsen's Golden Tee Golf,0.123606361
Space Bust-A-Move,0.130839746
Avatar: The Last Airbender - Into the Inferno,0.11739837
Deadpool,0.139326197
Disney's Atlantis: The Lost Empire,0.11311708
Nippon Daihyou Team no Kantoku ni Narou! Sekaihatsu Soccer RPG,0.111500424
Just Cause 2,0.124267296
Crush3D,0.119421652
LEGO Marvel's Avengers,0.112317713
High Velocity: Mountain Racing Challenge,0.111407007
NeverDead,0.166343284
Capcom vs. SNK 2: Millionaire Fighting 2001,0.107288493
Criticom,0.11939443
Mega Man X: Command Mission,0.116440946
Charm Girls Club: My Fashion Mall,0.127779944
SCORE International Baja 1000: The Official Game,0.123364422
Deepak Chopra's Leela,0.113398185
Need for Speed: ProStreet,0.133428358
DiRT Rally,0.134073729
NHL 2K7,0.158519876
Go Play: Circus Star,0.128556315
Worms 3D,0.17428283
Gladiator Begins,0.151080041
Clock Tower: The First Fear,0.089405935
Sleeping Dogs,0.127168786
Kidou Senshi Gundam Seed Battle Destiny,0.116696841
Diner Dash: Sizzle & Serve,0.136874451
Impossible Mission,0.117228949
"Kilari: Na-san, Mon Meilleur Ami",0.117352429
Strikers 1945,0.115295673
Ochaken no Heya DS,0.117352429
Fire ProWrestling S: 6Men Scramble,0.107288493
Galidor: Defenders of the Outer Dimension,0.11311708
Pryzm Chapter One: The Dark Unicorn,0.162371355
Gundam Battle Royale,0.136997931
F1 2016 (Codemasters),0.123522734
Eat Lead: The Return of Matt Hazard,0.104596157
Karaoke Revolution,0.117716008
Zen-Nippon Pro Wrestling: Ouja no Kon,0.10131741
NASCAR 2005: Chase for the Cup,0.12055946
Are You Smarter than a 5th Grader? Game Time,0.117716008
"Hisshou Pachinko*Pachi-Slot Kouryaku Series Vol. 12: CR Shinseiki Evangelion - Shito, Futatabi",0.166756806
Guilty Gear X,0.17428283
Obscure: The Aftermath,0.128888771
One Piece: Pirate Warriors 2,0.116696841
Gotouchi Tetsudou: Gotouchi Chara to Nihon Zenkoku no Tabi,0.113425528
NHL 2002,0.117329011
Mugen no Frontier: Super Robot Taisen OG Saga EXCEED,0.117352429
Etrian Odyssey V,0.107288493
Disney's PK: Out of the Shadows,0.17428283
Wild Earth: African Safari,0.125479081
Echo Night,0.096810535
Wild ARMs 5 (jp sales),0.166756806
Record of Agarest War Zero,0.156115026
Colony Wars III: Red Sun,0.11939443
Magic: The Gathering - Battlemage,0.11939443
Rocksmith,0.098067403
Backyard Baseball '09,0.12144088
James Bond 007: Legends,0.127736247
Conception II: Children of the Seven Stars,0.132129616
The King of Fighters '94,0.107288493
DS Yamamura Misa Suspense: Maiko Kogiku - Kisha Katherine - Sougiya Isa Akashi - Koto ni Maru Hana Sanrin: Kyoto Satujin Jinken File,0.105440954
All Kamen Rider: Rider Generation,0.117352429
The King of Fighters '98 Ultimate Match,0.158065155
Reader Rabbit Kindergarten,0.122419279
Puzzle Quest: Challenge of the Warlords,0.180419866
Chessmaster: The Art of Learning,0.136874451
Guardian's Crusade,0.11939443
MotoGP 3 - Official Game of MotoGP,0.178401344
Lego Star Wars: The Force Awakens,0.13369339
Makai Kingdom: Chronicles of the Sacred Tome,0.17428283
Lemony Snicket's A Series of Unfortunate Events,0.112421094
Gundam Breaker 3,0.116696841
Neopets Petpet Adventures: The Wand of Wishing,0.124962976
The Ant Bully,0.112026986
M&M's Kart Racing,0.121347462
Bomberman Party Edition,0.11939443
Ice Age: Dawn of the Dinosaurs,0.11636185
SingStar Vol. 3,0.152918925
Star Trek: Conquest,0.12394918
My Fitness Coach: Club,0.157130856
Major League Baseball 2K8 Fantasy All-Stars,0.12144088
Eyeshield 21: Max Devil Power,0.117352429
Summon Night 3,0.136997931
O.D.T.: Escape... Or Die Trying,0.124503441
Madden NFL 06,0.12144088
Rango: The Video Game,0.124124924
Break 'Em All,0.117228949
Super Robot Wars OG Saga: Masou Kishin II - Revelation of Evil God,0.143134967
Mobile Suit Gundam Seed: Rengou vs. Z.A.F.T. Portable,0.132899174
San Goku Shi V,0.107288493
Red Faction II,0.125342824
Go! Sudoku,0.136874451
Daikaijyuu Monogatari II,0.107288493
Rock Band Track Pack Volume 2,0.17428283
Voodoo Vince,0.112421094
Disney Sing It: Party Hits,0.149700811
Gundam Memories: Tatakai no Kioku,0.136997931
Everybody Dance,0.14817091
Kaijuu Busters,0.117352429
Blackwater,0.106126058
Tom Clancy's Ghost Recon,0.109299428
Ferrari Challenge Trofeo Pirelli,0.178401344
Moshi Monsters: Katsuma Unleashed,0.13405786
Virtua Fighter CG Portrait Series Vol.4: Pai Chan,0.107288493
Chase: Hollywood Stunt Driver,0.116539608
Mobile Suit Gundam Side Story: Missing Link,0.14829439
Thor: God of Thunder,0.127955687
The X Files: Resist or Serve,0.179391842
Touch My Katamari,0.116749104
PixelJunk Monsters Deluxe,0.136874451
Saru! Get You! Million Monkeys,0.166756806
Legend of the Guardians: The Owls of Ga'Hoole,0.13544688
Ben 10 Galactic Racing,0.120576501
Curious George,0.17428283
Killer is Dead,0.126376342
Don Bradman Cricket 14,0.150485399
Megamind: Ultimate Showdown,0.119421652
Zathura,0.168508391
Medarot DS: Kabuto / Kuwagata Ver.,0.117352429
Atelier Sophie: The Alchemist of the Mysterious Book,0.140901398
Mytran Wars,0.129383258
Making History: The Great War,0.143134967
NCIS,0.142379039
Undead Knights,0.14868118
Ninja Reflex,0.11800532
Cel Damage,0.116539608
Lovely Lisa,0.117228949
Dance Paradise,0.108694914
SSX 3,0.117329011
Sword Art Online: Hollow Fragment,0.147803368
Supremacy MMA,0.159230104
Yamakawa Shuppansha Kanshuu: Shousetsu Nihonshi B,0.117352429
The God of War Trilogy,0.145722343
Lunar: Dragon Song,0.123365984
Breakdown,0.117530106
Rush,0.140992965
Ecco the Dolphin,0.095377018
Solitaire & Mahjong,0.111868284
Venetica,0.142209618
Looney Tunes: Sheep Raider,0.11939443
Horse Life,0.120288751
Geometry Wars: Galaxies,0.107769527
Robinson: The Journey,0.126543066
Conduit 2,0.113889131
Harvest Moon 2 GBC,0.088223121
Zenses: Rainforest,0.11875885
Backyard Baseball '10,0.12144088
Rise of the Tomb Raider,0.124436717
The Lord of the Rings: Aragorn's Quest,0.124969298
X2: Wolverine's Revenge,0.105889951
Cabela's Dangerous Hunts 2011,0.12144088
Hatsune Miku: Project Diva X,0.107883765
Deadliest Catch: Sea of Chaos,0.122217251
McDROID,0.1181288
Destiny: The Collection,0.112245662
Lego Star Wars: The Force Awakens,0.122481454
Gallop Racer 2000,0.095847306
Showdown: Legends of Wrestling,0.112421094
Godzilla Unleashed: Double Smash,0.117228949
My Farm Around the World,0.117228949
Macross Triangle Frontier,0.136997931
SpongeBob's Surf & Skate Roadtrip,0.11875885
Farming Simulator 17,0.11787432
Dishonored 2,0.130228588
NASCAR Unleashed,0.111283526
The Smurfs 2,0.119404221
Street Hoops,0.110101883
Backyard Sports Football: Rookie Rush,0.116080216
Transformers: War for Cybertron -- Decepticons,0.129309845
Rocket: Robot on Wheels,0.100942946
Densha De Go! 64,0.019681381
NFL QB Club 2001,0.103624976
Earthworm Jim 3D,0.100942946
NPPL: Championship Paintball 2009,0.110733192
Shin Megami Tensei: Devil Survivor 2,0.102404179
Atelier Annie: Alchemists of Sera Island,0.120759105
WRC: FIA World Rally Championship,0.122168577
PBR: Out of the Chute,0.116080216
WWE SmackDown vs Raw 2008,0.117228949
Godzilla: Destroy All Monsters Melee,0.112421094
College Hoops 2K6,0.111376944
Sega Soccer Slam,0.178494762
Dragon Quest Builders: Revive Alefgard,0.14829439
Dora the Explorer: Dora Saves the Mermaids,0.17428283
2 Games in 1 Double Pack: Hot Wheels Velocity X / Hot Wheels World Race,0.117235593
DiRT 2,0.116916071
Mahou Shoujo Lyrical Nanoha A's Portable: The Gears of Destiny,0.136997931
Dodge Racing: Charger vs Challenger,0.115986798
Fate/Extra CCC,0.136997931
Greg Hastings Paintball 2,0.113906563
Fat Princess: Fistful of Cake,0.129383258
MTV Sports: Pure Ride,0.123606361
Burning Road,0.123512943
Sonic Adventure 2,0.107288493
IndyCar Series,0.178401344
Slayers,0.107288493
Super Robot Wars OG Saga: Masou Kishin - The Lord of Elemental,0.123489464
Space Chimps,0.180419866
Backyard Sports Football: Rookie Rush,0.111376944
Crash Superpack: Crash Bandicoot 2: N-Tranced / Crash Nitro Kart,0.11311708
Famicom Mini: TwinBee,0.094001105
Tony Hawk's Pro Skater 5,0.114436746
Gladiator: Sword of Vengeance,0.191303317
Rodea the Sky Soldier,0.11549289
The Daring Game for Girls,0.105317474
Yakuza Kiwami,0.136382915
DreamWorks Super Star Kartz,0.115873229
Pinball Hall of Fame: The Williams Collection,0.113302048
Ultimate Card Games,0.11311708
Jikkyou Powerful Pro Yakyuu 8 Ketteiban,0.170968737
NBA 2K17,0.114436746
Academy of Champions: Soccer,0.119140018
Overlord: Raising Hell,0.142209618
Wallace & Gromit: Curse of the Were-Rabbit,0.162371355
Power Gig: Rise of the SixString,0.107165013
Mountain Sports,0.116080216
Puzzle Kingdoms,0.111868284
Skylanders: SuperChargers,0.122481454
Monster Jam: Path of Destruction,0.111283526
The Bible Game,0.11311708
NFL Head Coach,0.116633025
Just Dance: Disney Party,0.127167294
Medarot 4: Kabuto / Kuwagata Version,0.088223121
Deca Sports Extreme,0.108770065
Kidz Sports: Crazy Golf,0.116080216
Major League Baseball 2K6,0.141086382
Mahou Shoujo Lyrical Nanoha A's Portable: The Battle of Aces,0.132899174
Deepak Chopra's Leela,0.113284617
"Ed, Edd n Eddy: The Mis-Edventures",0.102566085
Onimusha: Blade Warriors,0.17428283
One Piece: Super Grand Battle! X,0.107288493
Disney's Extreme Skate Adventure,0.110101883
Akuji the Heartless,0.107313534
NBA 2K2,0.110101883
Akiba's Trip: Undead & Undressed,0.13810489
Psychonauts,0.112421094
Tales of Berseria,0.14829439
Jeremy McGrath Supercross World,0.110008465
Uta no * Prince-Sama: All Star,0.136997931
HardBall 5,0.111525465
Airborne Troops: Countdown to D-Day,0.170184073
MLB Inside Pitch 2003,0.116633025
Jikkyou Powerful Pro Yakyuu 2014,0.120908773
Skate City Heroes,0.116080216
The Sky Crawlers: Innocent Aces,0.114059127
Battle Arena Toshinden Remix,0.107288493
nail'd,0.150935266
Legends of Wrestling II,0.105889951
Lost Magic,0.11549103
A.C.E.: Another Century's Episode Portable,0.136997931
Jaws: Ultimate Predator,0.124185499
Marvel Avengers: Battle for Earth,0.102733622
Jikkyou Powerful Pro Yakyuu 9,0.097483525
Rock Band: Metal Track Pack,0.14817091
Alice: Madness Returns,0.112355821
Barbie as The Island Princess,0.150290459
Crime Killer,0.111432047
Petz Puppyz & Kittenz,0.117228949
Backyard Wrestling 2: There Goes the Neighborhood,0.129441581
Raiden IV,0.108334331
MX vs. ATV Untamed,0.121347462
Tom Clancy's Splinter Cell: Blacklist,0.134894806
SD Gundam G Generation-F.I.F,0.091635374
Bishoujo Senshi Sailormoon S: Juugai Rantou!? Shuyaku Soudatsusen,0.107288493
Rubik's World,0.11875885
Zenses: Ocean,0.11875885
Phantasy Star Universe,0.098143919
Peggle: Dual Shot,0.117228949
NPPL: Championship Paintball 2009,0.113906563
Spider-Man: Edge of Time,0.111754716
Cruis'n,0.117516699
Samurai Warriors 4-II,0.140901398
Harukanaru Augusta 2: Masters,0.111500424
Castlevania: Curse of Darkness,0.129441581
SimAnimals Africa,0.113398185
Love Live! School Idol Paradise,0.116696841
Lost Planet 3,0.106786999
Battles of Prince of Persia,0.124895885
The Clique: Diss and Make Up,0.111454509
Mobil 1 Rally Championship,0.111432047
USA Today Crossword Challenge,0.117228949
King of Colosseum (Red): Shin Nippon x Zen Nippon x Pancrase Disc,0.166756806
Turok: Evolution,0.098467328
Charm Girls Club: My Perfect Prom,0.117228949
Marvel Trading Card Game,0.117228949
Rugrats: Totally Angelica,0.084851063
Nightshade,0.179222421
Brunswick Pro Bowling,0.111376944
CSI: Crime Scene Investigation,0.117530106
Wipeout 2,0.154307945
LEGO Batman 2: DC Super Heroes,0.111930459
Ultimate Puzzle Games: Sudoku Edition,0.117228949
Buffy the Vampire Slayer: Chaos Bleeds,0.112421094
Onechanbara: Bikini Zombie Slayers,0.128888771
Hanagumi Taisen Columns,0.107288493
Tropico 5,0.116267903
Tales of Destiny 2,0.136997931
Teenage Mutant Ninja Turtles 3: Mutant Nightmare,0.112026986
Reality Fighters,0.113671871
Petz Fantasy: Moonlight Magic,0.117228949
The Price is Right: Decades,0.11800532
Power Pro Kun Pocket 14,0.121564361
Dragon Ball: Origins,0.109737756
Jikkyou Powerful Pro Baseball 2016,0.152506321
FIFA 17,0.123539637
After Hours Athletes,0.157130856
UN Squadron,0.103189736
Tecmo Super Bowl,0.10097447
Disney Princess: Enchanting Storybooks,0.111267657
Dora the Explorer: Journey to the Purple Planet,0.093978476
Lunar 2: Eternal Blue,0.107288493
NHL Powerplay '96,0.10097447
Thousand Arms,0.096762539
Arctic Thunder,0.104458712
Barnyard,0.112026986
2 in 1 Combo Pack: Sonic Heroes / Super Monkey Ball Deluxe,0.098143919
Stolen Song,0.079723899
Armored Core: Verdict Day,0.14829439
Yattaman DS: BikkuriDokkiri Daisakusen da Koron,0.117352429
Madden NFL 17,0.134340653
Harvey Birdman: Attorney at Law,0.150290459
My Chinese Coach,0.11875885
Lost in Shadow,0.106585365
DEATH NOTE: Kira Game,0.105440954
Legend of the Guardians: The Owls of Ga'Hoole,0.119535221
Sengoku Cyber: Fujimaru Jigokuhen,0.091635374
Hisshou Pachinko*Pachi-Slot Kouryaku Series Vol.10: CR Shinseiki Evangelion: Kiseki no Kachi,0.166756806
ASH: Archaic Sealed Heat,0.123489464
DreamWorks Super Star Kartz,0.135777136
Dorabase 2: Nettou Ultra Stadium,0.121564361
Where the Wild Things Are,0.11800532
Center Ring Boxing,0.107288493
NHL 2K3,0.104552129
Die Hard: Vendetta,0.118811681
F1 2002,0.175133524
Every Extend Extra,0.122224699
FIFA Soccer,0.141086382
Cabela's North American Adventures,0.152382841
Darkspore,0.096537502
Self-Defense Training Camp,0.115966647
Sphinx and the Cursed Mummy,0.100340198
Midnight Mysteries: The Edgar Allan Poe Conspiracy,0.109907177
Dynasty Warriors 8: Xtreme Legends,0.10473737
GT Advance 2: Rally Racing,0.106684598
Yakuza,0.138612354
Karaoke Revolution Presents American Idol Encore 2,0.154307945
Deception IV: Blood Ties,0.163037441
DOA 2: Dead or Alive 2 Hardcore,0.15707477
Tenchu: Shadow Assassins,0.142058947
Fuse (Insomniac),0.156661248
Cabela's Deer Hunt 2005 Season,0.104552129
SplashDown,0.104458712
18 Wheels of Steel: Extreme Trucker 2,0.099126115
Nobunaga no Yabou: Tenshoki,0.097606457
F1 Racing Championship,0.100881052
Dead Man's Hand,0.096241441
Smash Cars,0.166320448
NASCAR 07,0.166320448
Merv Griffin's Crosswords,0.111868284
Tecmo Bowl: Kickoff,0.12144088
Lost Horizon,0.095335334
SingStar Latino,0.14817091
NFL Tour,0.153912742
Digimon World 4,0.084787961
MLB 2K9 Fantasy All-Stars,0.089787895
Spectral Force 3,0.075512028
Ford Racing 3,0.083356722
MLB SlugFest Loaded,0.083450139
Sotsugyou Crossworld,0.062589268
Ty the Tasmanian Tiger 3: Night of the Quinkan,0.090924996
The Amazing Spider-Man (Console Version),0.086238766
Ys I & II Chronicles,0.102614587
R: Racing Evolution,0.072805727
Bionicle,0.069383199
The Ant Bully,0.086352335
Risen 3: Titan Lords,0.100105504
Bleach GC: Tasogare Ni Mamieru Shinigami,0.064225488
Chou Jigen Game Neptune Mk-II,0.119248284
Battle Fantasia,0.074643068
Jikkyou Powerful Pro Yakyuu 2000 Ketteiban,0.0668012
Karaoke Revolution,0.068687213
Fire Pro Wrestling Returns,0.13323098
Obscure: The Aftermath,0.126831656
Jimmy Neutron: Boy Genius,0.084787961
Henry Hatsworth in the Puzzling Adventure,0.085575964
Derby Stallion,0.082454318
Rollcage Stage II,0.078249161
Samurai Warriors 2: Xtreme Legends,0.129019048
Dead or Alive 5,0.089783766
Karaoke Joysound Wii DX,0.082945658
Sloane to MacHale no Nazo no Monogatari 2,0.088306323
Game Hits!,0.087105865
Spider-Man: Edge of Time,0.083275101
Tabi no Yubisashi Kaiwachou DS: DS Series 4 America,0.088306323
Invasion From Beyond,0.070031891
Jumper: Griffin's Story,0.080215299
Forgotten Realms: Demon Stone,0.068687213
Major League Baseball 2K7,0.109433398
Rock Band 3,0.0932429
LEGO Star Wars II: The Original Trilogy,0.069383199
Dynasty Warriors 8: Empires,0.119248284
Batman: A Telltale Game Series,0.107140398
Tim Burton's The Nightmare Before Christmas: Oogie's Revenge,0.062912773
Mahjong Master,0.058409523
Crash Boom Bang!,0.087105865
Royal Palace of White Sword and The City of Gentiles,0.068687213
Top Gear Rally,0.073501712
Red Faction: Armageddon,0.076276346
BIT.TRIP COMPLETE,0.083275101
L: the proLogue to DEATH NOTE - Rasen no Wana,0.076394848
Rugby 15,0.087373464
Famicom Mini: Makaimura,0.05937172
The Witch and the Hundred Knight,0.108587471
XIII,0.097709691
Kuroko's Basketball: Ties to Future,0.084379422
Data East Arcade Classics,0.080215299
Ski and Shoot,0.090546835
The Incredibles: Rise of the Underminer,0.074824248
Theme Hospital,0.069993868
Inazuma Eleven 3,0.087751236
Wizardry: Tale of the Forsaken Land,0.129019048
ShellShock 2: Blood Trails,0.09302346
Just Dance Wii U,0.078242387
F.E.A.R. Files,0.089963658
ChuChu Rocket!,0.069383199
FIFA 12,0.078946104
Codename Tenka,0.070031891
Savage Skies,0.141940778
Indianapolis 500 Legends,0.089694477
Sega Bass Fishing,0.082454318
Walt Disney's The Jungle Book: Rhythm N'Groove,0.074130648
Assassin's Creed Chronicles,0.107631919
The Smurfs 2,0.069550736
Lara Croft and the Temple of Osiris,0.11156068
Million God,0.137710699
Cyberia,0.074130648
The Sims 2: Apartment Life,0.071004121
Killer7,0.146039535
Age of Mythology,0.080025215
Busy Scissors,0.080215299
Lost Heroes,0.078242387
Astro Boy,0.129019048
RollerCoaster Tycoon 3: Platinum,0.06947422
SD Gundam G Generation Genesis,0.087650735
Wacky World of Sports,0.090564266
Puss in Boots,0.124184861
Monster House,0.057471724
Wing Commander IV: The Price of Freedom,0.074130648
Cloudy With a Chance of Meatballs,0.064961033
Charlotte's Web,0.085575964
MetropolisMania,0.129019048
Mystery Stories: Curse of the Ancient Spirits,0.085921128
Shin Megami Tensei: Devil Summoner - Raidou Kuzunoha vs. The Soulless Army,0.137710699
Bomberman Land Touch!,0.082100125
Monster Jam: Urban Assault,0.10933998
My Make-Up,0.085575964
50 Cent: Bulletproof,0.105221466
Princess Maker 2,0.068560351
NCAA Football 08,0.072899144
SRS: Street Racing Syndicate,0.088906475
Ephemeral Fantasia,0.129019048
1 vs. 100,0.085575964
Winter Sports 2: The Next Challenge,0.13323098
Destroy All Humans! Path of the Furon,0.128757133
Major League Baseball 2K9,0.109433398
Aibou DS,0.066712812
Great Party Games,0.080373611
Tokimeki Memorial: Taisen Pazurudama,0.068560351
Beat Sketch!,0.109566248
Bleach: Heat the Soul 5,0.09826979
Koudelka,0.074130648
Animal Planet: Emergency Vets,0.085575964
IHRA Drag Racing: Sportsman Edition,0.139274597
Virtua Fighter CG Portrait Series Vol.2: Jacky Bryant,0.068560351
Famicom Mini: Famicom Mukashi Banashi - Shin Oniga Shima Zenkouhen,0.047460245
Counter-Strike: Source,0.083925851
Puzzle Chronicles,0.100807506
Ski-Doo Snowmobile Challenge,0.084333813
Gray Matter,0.056032844
Brain Voyage,0.07655487
America's Army: True Soldiers,0.071413271
Adventure Time: Finn & Jake Investigations,0.089298568
Toukiden 2,0.104450692
Raiden Fighters Aces,0.080610108
My Stop Smoking Coach: Allen Carr's EasyWay,0.075024969
SD Gundam G Generation Genesis,0.104450692
NASCAR The Game: Inside Line,0.110085443
Star Wars: Empire at War,0.06947422
Pachitte Chonmage Tatsujin 13: Pachinko Hissatsu Shigotojin III,0.128028664
BlazBlue Central Fiction,0.098244494
Wreckin Crew,0.078249161
Theme Park,0.068560351
Famicom Mini: Mario Bros.,0.05937172
RockMan EXE 4.5 Real Operation,0.05937172
Rescue Heroes: Billy Blazes,0.069383199
Jaws: Ultimate Predator,0.080215299
Are You Smarter Than a 5th Grader? Back to School,0.085575964
Sega GT Online,0.072805727
SingStar: Made In Germany,0.104595341
Derby Tsuku: Derby Uma o Tsukurou!,0.072772283
Frantix,0.105221466
Knights in the Nightmare,0.083838045
SeaWorld Adventure Parks: Shamu's Deep Sea Adventure,0.057471724
Marvel Nemesis: Rise of the Imperfects,0.091712999
Prisoner of War,0.056775738
Konami Classics Vol. 1,0.075512028
Princess Isabella: A Witch's Curse,0.078254192
S.C.A.R.S,0.078249161
The King of Fighters '98: Dream Match Never Ends,0.074130648
The Seven Deadly Sins: Unjust Sin,0.062785911
ESPN NFL Primetime 2002,0.13323098
Zoids: Legacy,0.069383199
Kidou Senshi Gundam 00,0.078624287
Nano Assault,0.077550306
Captain America: Super Soldier,0.068020835
Onimusha Tactics,0.069383199
Bomberman Jetters,0.074236966
Nikoli's Pencil Puzzle,0.080101731
TOCA Race Driver 3,0.139274597
Mad Dog McCree: Gunslinger Pack,0.065565547
Deadliest Catch: Sea of Chaos,0.126866891
Pac-Man Power Pack,0.129019048
How to Train Your Dragon 2,0.077387093
Blacksite: Area 51,0.113949069
Disney's Donald Duck: Goin' Quackers,0.129019048
Ultimate Brain Games,0.069383199
Charm Girls Club: My Fashion Show,0.085575964
Angry Birds Star Wars,0.068408089
Exit,0.094670471
Armorines: Project S.W.A.R.M.,0.070031891
Gundam Seed: Battle Assault,0.069383199
Harvey Birdman: Attorney at Law,0.068303824
Chibi Maruko-Chan: Harikiri 365-Nichi no Maki,0.068560351
The Voice,0.064961033
SaGa 3: Jikuu no Hasha - Shadow or Light,0.078624287
Thomas & Friends: Hero of the Rails,0.085734276
The Secret Saturdays: Beasts of the 5th Sun,0.091712999
Wonder World Amusement Park,0.085575964
Famicom Mini: Adventure Island,0.05937172
Aliens versus Predator: Extinction,0.068687213
Bejeweled 3,0.067944319
RTX Red Rock,0.124920291
Tokimeki Memorial: Girl's Side,0.116117189
FIFA Street 2,0.072899144
Smart Bomb,0.100807506
Edna & Harvey: Harvey's New Eyes,0.059092646
Shining Force: Resurrection of the Dark Dragon,0.069383199
Shining Soul II,0.069383199
Orega Kantoku Da! Gekitou Pennant Race,0.132240596
Guilty Gear XX Accent Core Plus,0.103275529
The Golf Club,0.108123107
Hello Kitty: Roller Rescue,0.074236966
Jikkyou Powerful Pro Yakyuu 12,0.068437419
Metal Slug Advance,0.065284442
Pac-Man World Rally,0.07835548
Gradius Galaxies,0.065284442
Blazing Angels: Squadrons of WWII,0.068687213
God Eater Resurrection,0.104450692
Mortal Kombat Kollection,0.146039535
NHL 2K7,0.075309999
LEGO Soccer Mania,0.13323098
Blades of Blood: Samurai Shodown III,0.074130648
MotoGP 14,0.073669249
Gundam the 3D Battle,0.074697386
Air Conflicts: Secret Wars,0.07857183
Face Racers: Photo Finish,0.079630541
Miami Nights: Singles in the City,0.085575964
Shovel Knight,0.094890081
Godzilla Generations,0.068560351
Strider 2,0.074130648
Forbidden Siren 2,0.128028664
Board Game Classics,0.069383199
Invizimals: The Alliance,0.079134827
Midnight Play! Pack,0.085575964
Junior Mystery Quest,0.087105865
Death Jr. and the Science Fair of Doom,0.091712999
101-in-1 Sports Megamix,0.095924931
Shin Megami Tensei: Digital Devil Saga 2,0.146039535
Pro Evolution Soccer 2013,0.075216053
Transformers: Devastation,0.112086534
Playmobil Pirates,0.081162004
Zatch Bell! Mamodo Battles,0.129019048
The Penguins of Madagascar: Dr. Blowhole Returns - Again!,0.110556633
Wildlife Park 3,0.071004121
Get Fit with Mel B,0.07999584
Battleborn,0.072866656
Dream Day: Wedding Destinations,0.085575964
Agatha Christie: Evil Under the Sun,0.05928273
Cloudy With a Chance of Meatballs,0.094670471
Iron Man / X-O Manowar in Heavy Metal,0.074130648
Kamen Rider: Travelers Senki,0.074697386
Derby Stallion 98,0.072772283
Pimp My Ride: Street Racing,0.133137562
Pretty Rhythm: My Deco Rainbow Wedding,0.074697386
Robotron X,0.070031891
Naruto Shippuden: Shinobi Rumble,0.081231166
Martian Panic,0.068303824
J-League Winning Eleven 2009: Club Championship,0.132240596
Don King Boxing,0.080766801
Build 'n Race,0.084333813
Grand Prix Challenge,0.133137562
Meitantei Conan & Kindaichi Shounen no Jikenbou: Meguri au Futari no Meitantei,0.066712812
Guilty Gear Xrd -Revelator-,0.10705757
FIFA Soccer 2005,0.07359513
PoPoLoCrois (JP sales),0.09826979
ShellShock 2: Blood Trails,0.123478362
Ken to Mahou to Gakuen Mono. 2,0.09826979
Mega Man Legacy Collection,0.100851373
Knights Contract,0.127577119
Kaijuu Busters Powered,0.078624287
NHL 06,0.084585933
The Spiderwick Chronicles,0.081162004
Initial D: Extreme Stage,0.113684762
Pinobee: Wings of Adventure,0.069383199
Touch Mechanic,0.085575964
State of Emergency 2,0.141940778
Sushi Academy,0.085575964
Gintama Gin-Oh Quest: Gin-San ga Tenshoku Shitari Sekai wo Sukuttari,0.078624287
One Piece: Romance Dawn - Bouken no Yoake,0.068560351
I Am In The Movie,0.073263623
Fatal Frame III: The Tormented,0.146039535
Zero: Tsukihami no Kamen,0.073263623
Seven Samurai 20XX,0.129019048
Generator Rex: Agent of Providence,0.077331241
Adventure Time: The Secret of the Nameless Kingdom,0.081807375
Risen 3: Titan Lords,0.130636921
"Hisshou Pachinko*Pachi-Slot Kouryaku Series DS Vol. 2: Shinseiki Evangelion - Shito, Futatabi",0.078624287
Transformers: Devastation,0.066490934
Jikkyou Powerful Pro Yakyuu 15,0.077475554
Tornado Outbreak,0.071098068
Ninjabread Man,0.069664304
Tom Clancy's Splinter Cell: Pandora Tomorrow,0.074236966
DanceDanceRevolution,0.081649063
Battlefield 2,0.066905364
Slayers Royal,0.062589268
Swingerz Golf,0.078448898
Pro Evolution Soccer 2008 (JP sales),0.082836219
Murder in Venice,0.072310331
Titanfall 2,0.079336148
Persona 4: Arena Ultimax,0.066490934
Supremacy MMA,0.085041321
Pretty Rhythm Rainbow Live: Kira Kira My * Design,0.074697386
The King of Fighters 2006,0.121614449
The Hidden,0.069737588
Nobunaga's Ambition: Rise to Power,0.128028664
FIFA Soccer 2003,0.078448898
DaGeDar,0.085575964
Little League World Series Baseball 2010,0.110178861
Outlaw Golf,0.078448898
Steins;Gate: Hiyoku Renri no Darling,0.056648876
Major League Baseball 2K11,0.066036647
King's Field (Japan),0.062589268
Slam 'n Jam '96 featuring Magic & Kareem,0.067791584
Petz: Dogz Family,0.097730273
My English Coach: Para Hispanoparlantes,0.075024969
ToraDora Portable!,0.086358314
The Italian Job,0.072805727
Smuggler's Run: Warzones,0.074236966
SafeCracker: The Ultimate Puzzle Adventure,0.0817452
Warriors Orochi 3 Hyper,0.07683391
Diva Girls: Divas on Ice,0.073876236
NBA 10: The Inside,0.098882403
Kaidan Restaurant: Ura Menu 100-Sen,0.078624287
Qubed,0.064961033
R/C Stunt Copter,0.063579653
Yamakawa Shuppansha Kanshuu: Shousetsu Sekaishi B,0.078624287
Cartoon Network: Punch Time Explosion XL,0.0817452
Final Fantasy VI,0.062589268
PAC-MAN and the Ghostly Adventures,0.106142673
WSC Real 11: World Snooker Championship,0.108807272
Pop'n Music,0.069664304
Jikkyou Powerful Major League 2009,0.132240596
Space Channel 5 Special Edition,0.129019048
The Legend of Alon D'ar,0.129019048
Uta no Prince-Sama: All Star After Secret,0.09826979
The Sims 3: Fast Lane Stuff,0.057393324
Black/Matrix,0.068560351
My Friends,0.075024969
Big Mutha Truckers,0.07835548
Man vs. Wild,0.10596693
The King of Fighters '96,0.052907233
Legend of the Guardians: The Owls of Ga'Hoole,0.113633866
Super Robot Taisen OG Saga: Endless Frontier,0.075024969
Sniper: Ghost Warrior 2,0.080866049
Samurai Shodown Sen,0.094062415
NHL Breakaway 99,0.061420996
Tony Hawk's Pro Skater 3,0.062950897
Iggy's Reckin' Balls,0.062857479
The Space Bar,0.056648876
Bust-A-Move 2 Arcade Edition,0.058738966
Knife Edge: NoseGunner,0.071660695
Wetrix,0.058738966
EyeCreate,0.116676237
Samurai Western,0.146039535
Looney Tunes: Acme Arsenal,0.072627969
Line Rider 2: Unbound,0.075024969
Princess in Love,0.075024969
Harry Potter and the Sorcerer's Stone,0.074236966
High Heat Major League Baseball 2004,0.072899144
TimeSplitters: Future Perfect,0.087158696
Pro Cycling Manager 2016,0.115772612
Sports Collection,0.080766801
Captain Tsubasa: New Kick Off,0.08763394
Puzzler Mind Gym 3D,0.064961033
"Warhammer 40,000: Dawn of War II - Retribution",0.075943712
Kenshuui Tendo Dokuta,0.078624287
Super Sentai Battle: Ranger Cross,0.073263623
The Sims 2: Ikea Home Stuff,0.071004121
AKB1/149: Love Election,0.097654773
Pilot ni Narou! 2,0.128028664
Gradius III and IV,0.124920291
Ken to Mahou to Gakuen Mono. Final: Shinnyusei wa Ohimesama,0.104406825
Sherlock Holmes: Crimes & Punishments,0.076189648
Incredible Crisis,0.063579653
Midway Arcade Treasures 3,0.068687213
SingStar Apres-Ski Party 2,0.104595341
Samurai Shodown III,0.068560351
The King of Fighters EX2: Howling Blood,0.069383199
Cabela's North American Adventures,0.13323098
Akiba's Trip Plus,0.086358314
Famicom Mini: SD Gundam World Gachapon Senshi - Scramble Wars,0.05937172
Little League World Series Baseball: Double Play,0.073876236
Kobitodzukan: Kobito no Fushigi - Jikken Set,0.074697386
Bakugan: Rise of the Resistance,0.084221806
Ice Age 2: The Meltdown,0.077331241
Famicom Mini: Star Soldier,0.055272963
Sentimental Graffiti 2,0.056648876
Shonen Jump's One Piece: Pirates Carnival,0.074236966
The Bachelor: The Videogame,0.075024969
Goblin Commander: Unleash the Horde,0.068687213
Doraemon: Nobita and the Island of Miracles,0.074697386
Gekijouban Madoka Magicka: The Battle Pentagram,0.077968699
Sentimental Graffiti: First Window,0.056648876
Cartoon Network Collection: Game Boy Advance Video Volume 2,0.069383199
Knights Contract,0.097122217
Tempest 3X,0.059480896
Hidden Invasion,0.124920291
A-Train,0.057044012
Get Fit with Mel B,0.067801375
Disney's Meet the Robinsons,0.071098068
Superman: Shadow of Apokolips,0.074236966
Pony Friends 2,0.075783908
Armored Core 3 Portable,0.09826979
PAC-MAN and the Ghostly Adventures,0.075687771
Bleach: Erabareshi Tamashii,0.116117189
Sengoku Musou 3: Moushouden,0.073263623
Witches & Vampires: The Secrets of Ashburry,0.066173296
Batman: Dark Tomorrow,0.074236966
Pac-Man and the Ghostly Adventures 2,0.065306197
Crush,0.100807506
Discovery Kids: Spider Quest,0.075024969
Yuu Yuu Hakusho: Makyo Toitsusen,0.068560351
The First Templar,0.061824715
Rock Revolution,0.069664304
Ogre Battle Series: Tactics Ogre,0.063579653
Ultimate Card Games DS,0.075024969
Jillian Michaels Fitness Ultimatum 2010,0.0792369
Battlestar Galactica,0.064588456
Fireblade,0.068687213
Earth Defense Force 2017,0.062354154
Tomb Raider: Legend,0.074236966
Boxing Fever,0.07359513
RoadKill,0.0857077
The $1 Pyramid,0.069664304
Game of Thrones,0.088024608
From Russia With Love,0.094670471
UEFA Euro 2016,0.113691587
7 Wonders of the Ancient World,0.094670471
Gintama: Gin-San to Issho! Boku no Kabuki Machi Nikki,0.128028664
Lost Dimension,0.063610368
Indycar Series 2005,0.068687213
Resident Evil 6,0.103222108
Final Fantasy XI: Vana'diel Collection 2008,0.128150089
Assassin's Creed: Rogue,0.080375103
Taz Wanted,0.074236966
Drama Queens,0.075024969
Wordfish,0.075024969
Tomb Raider: Underworld,0.058923225
Penny Racers Party: Turbo-Q Speedway,0.073782818
Skydiving Extreme,0.067791584
Evil Dead: Regeneration,0.0857077
Evolution Worlds,0.074236966
Far Cry Vengeance,0.084115935
Petz Fantasy: Sunshine Magic,0.075024969
Code Lyoko: Fall of X.A.N.A.,0.063113494
Worms: A Space Oddity,0.089412137
Motto! Stitch! DS Rhythm de Rakugaki Daisakusen,0.078624287
Rapala Pro Bass Fishing 2010,0.13323098
Dungeon Travelers 2: The Royal Library & The Monster Seal,0.09826979
MLB Front Office Manager,0.110178861
Sub Rebellion,0.129019048
Horrid Henry's Horrid Adventure,0.073822801
X Rebirth,0.083085017
Striker 96,0.067791584
Pocket Dogs,0.069383199
Tokimeki Memorial 4,0.086358314
Bleach: Heat the Soul 4,0.09826979
Song of the Deep,0.090300378
Dragon's Dogma Online,0.104450692
Real Robots Final Attack,0.048808476
New International Track & Field,0.0792369
World Series of Poker 2008: Battle for the Bracelets,0.066490934
P.N.03 - Product Number Three,0.070138209
Boku no Natsuyasumi 3: Hokkoku Hen: Chiisana Boku no Dai Sougen​,0.097654773
Ape Escape: Pumped & Primed,0.129019048
Super Monkey Ball Adventure,0.097730273
Monster Trucks DS,0.079143482
FabStyle,0.084761323
Outlaw Tennis,0.150251467
Medabots Dual: Kabuto / Kuwagata,0.068560351
Happy Feet Two,0.077331241
Adventure Time: Explore the Dungeon Because I Don't Know!,0.071080637
LEGO Soccer Mania,0.07359513
Worms: Open Warfare,0.084221806
Resident Evil Zero,0.068020835
Gadget Racers,0.133137562
Phantasy Star Online Episode III: C.A.R.D. Revolution,0.074236966
Assassin's Creed The Ezio Collection,0.088101123
ZhuZhu Babies,0.07655487
Bleach: Heat the Soul 7,0.09826979
Nanashi no Game,0.066712812
Diego's Build & Rescue,0.075024969
Auto Destruct,0.063579653
Ultimate Ghosts 'n Goblins,0.100807506
Samurai Warriors 2,0.077041929
TrackMania DS,0.080673383
Dangerous Ji-San to 1000-nin no Otomodachi Yokoshima,0.074697386
GOTHA: Ismailia Seneki,0.068560351
Ultimate Fighting Championship: Throwdown,0.074236966
Major League Baseball 2K12,0.0792369
Zoo Tycoon (2013),0.084691434
Silent Hunter III,0.071004121
Alien Syndrome,0.094670471
Deep Fear,0.056648876
Skeleton Warriors,0.063579653
Ford vs. Chevy,0.072805727
Endgame,0.124920291
The Dukes of Hazzard: Return of the General Lee,0.072805727
Criminal Girls: Invite Only,0.09826979
Ultimate Duck Hunting,0.073876236
Just Dance: Disney Party 2,0.066490934
Dreamer Series: Shop Owner,0.075024969
Virus,0.064461594
Jikkyou Powerful Pro Yakyuu Next,0.077475554
The Sims 3: Barnacle Bay,0.060294814
WWE Crush Hour,0.07835548
Metal Gear Solid V: The Phantom Pain,0.088024608
Dragon Shadow Spell,0.128028664
Dragon Slayer: The Legend of Heroes,0.068560351
Sound Novel Tsukuru,0.068560351
The Idolm@ster,0.068560351
Momotarou Dentetsu 11,0.054543452
NHL Hitz 20-03,0.078448898
Adventure Time: Finn & Jake Investigations,0.083161533
Guilty Gear XX Slash,0.128028664
C.O.P.: The Recruit,0.078084771
Mission Runway,0.087105865
Urban Reign,0.129019048
Super Robot Taisen Z Special Disc,0.128028664
Slayers Royal 2,0.068560351
Cate West: The Vanishing Files,0.063889865
Soul Bubbles,0.078084771
Resident Evil 3: Nemesis,0.091257453
All-Star Baseball 2004,0.078448898
Bangai-O Spirits,0.077063247
Valentino Rossi: The Game,0.102068397
Ultimate Party Challenge,0.069664304
Team Elimination Games,0.069664304
Whac-A-Mole,0.075024969
Samurai Warriors Chronicles 3,0.068560351
Winter Stars,0.107277371
Dawn of Heroes,0.081162004
Lost in Blue: Shipwrecked,0.063889865
Salon Superstar,0.075024969
Scooby-Doo! Who's Watching Who?,0.082758996
Madden NFL 08,0.078448898
Aliens in the Attic,0.07580134
Ro-Kyu-Bu!,0.086358314
Frogger Beyond,0.068687213
Katekyoo Hitman Reborn! DS: Flame Rumble Kaien Ring Soudatsuen!,0.078624287
World Championship Poker: Deluxe Series,0.075024969
Stuart Little 3: Big Photo Adventure,0.129019048
"Ni Hao, Kai-lan: Super Game Day",0.129019048
Serious Sam 3: BFE,0.070315054
Ultimate Shooting Collection,0.065565547
Pro Yakyuu Famista DS 2010,0.082836219
Katekyoo Hitman Reborn! DS: Flame Rumble Hyper - Moeyo Mirai,0.078624287
Captain Tsubasa,0.132240596
Infernal: Hell's Vengeance,0.079412663
Pitfall: The Lost Expedition,0.074236966
No One Can Stop Mr. Domino!,0.063579653
Man vs. Wild,0.069664304
GT Advance 3: Pro Concept Racing,0.062950717
Duke Nukem: Land of the Babes,0.076501382
Majin Tensei,0.068560351
Yoru no Nai Kuni,0.104450692
Dragon Force II: Kamisarishi Daichi ni,0.068560351
Monkey Hero,0.063579653
Sumikko Gurashi: Mura o Tsukurundesu,0.074697386
Puchi Puchi Virus,0.075024969
Krazy Ivan,0.063579653
Need For Speed: Undercover,0.075122635
Quo Vadis,0.068560351
Need for Speed: Most Wanted,0.063041739
PQ: Practical Intelligence Quotient,0.094670471
The Wolf Among Us,0.073129846
Fate/Tiger Colosseum,0.09826979
SCORE International Baja 1000: The Official Game,0.110085443
10 Minute Solution,0.075406137
Dragon Ball Z: The Legacy of Goku I & II,0.058832204
Family Game Night 4: The Game Show,0.064961033
R: Racing Evolution,0.07835548
Romance of the Three Kingdoms 13,0.096506575
Zero Escape: Zero Time Dilemma,0.068332125
Stella Deus: The Gate of Eternity,0.129019048
Vietcong: Purple Haze,0.081608943
Conflict: Desert Storm,0.070138209
One Piece: Gear Spirit,0.078624287
Tales of Fandom Vol.2,0.128028664
Genkai Totsuki Moero Chronicle,0.077968699
Minna no Joushiki Ryoku TV,0.073263623
P.T.O. IV: Pacific Theater of Operations,0.129019048
Bella Sara,0.079614672
Tears to Tiara: Garland of the Earth,0.109566248
The Penguins of Madagascar: Dr. Blowhole Returns - Again!,0.080391043
Backyard NBA Basketball,0.0792369
Mind Quiz: Your Brain Coach,0.078624287
Elebits: The Adventures of Kai and Zero,0.063113494
Aikatsu! My No.1 Stage!,0.074697386
Codename: Kids Next Door: Operation S.O.D.A.,0.058832204
Far Cry Instincts Evolution,0.081608943
Pinball Hall of Fame: The Gottlieb Collection,0.068687213
Conception: Please Give Birth to My Child!,0.09826979
Rayman Origins,0.06506026
Medal of Honor: Underground,0.054733447
Super Football,0.069172964
The Idolmaster: Gravure For You! Vol. 3,0.109566248
Cosmic Family,0.069664304
Scooby-Doo! Unmasked,0.068687213
Yoru no Nai Kuni,0.077968699
Driven,0.07835548
Dynasty Warriors 3,0.068687213
Tennis no Oji-Sama Gyutto! DokiDoki Survival - Umi to Yama no Love Passion,0.082836219
Nicola Kanshuu: Model Oshare * Audition Platina,0.074697386
Jimmie Johnson's Anything With an Engine,0.116222479
MTV Music Generator 3: This Is the Remix,0.068687213
Fairy Tail: Portable Guild 2,0.09826979
Party Pigs: Farmyard Games,0.069664304
Imagine: My Restaurant,0.085734276
Grand Ages: Medieval,0.106762959
Wizardry: Llylgamyn Saga,0.052907233
Supremacy MMA,0.06993799
Kinnikuman Muscle Grand Prix Max 2: Tokumori,0.118346629
Gale Racer,0.062996829
In The Groove,0.129019048
The Legend of Kage 2,0.081162004
Myst,0.040995758
World Tour Soccer 06,0.098882403
Baroque,0.069664304
Lost Dimension,0.096945836
Killer Instinct (2013),0.069550736
AKB1/149: Love Election,0.056375189
Naruto Shippuden: Gekito Ninja Taisen! EX 3,0.063581587
Boku no Natsuyasumi Portable 2: Nazo Nazo Shimai to Chinbotsusen no Himitsu,0.076676279
Magic Pengel: The Quest for Color,0.129019048
Super Baseball,0.069172964
Kenka Banchou 6: Soul & Blood,0.058878316
Jikkyou Powerful Pro Yakyuu 2011 Ketteiban,0.104096144
Kung Fu Panda: Legendary Warriors,0.07580134
Formula One World Championship: Beyond the Limit,0.062996829
Medabots 8,0.058878316
Divinity: Original Sin,0.086571222
Little League World Series Baseball: Double Play,0.0792369
Hakuouki DS,0.057030777
Buster Bros. Collection,0.063579653
Agatha Christie: And Then There Were None,0.05928273
Sony Computer Science Kenkyuujo Mogi Kenichirou Hakase Kanshuu: Nou ni Kaikan Aha Taiken!,0.088587754
Grease Dance,0.109026732
Mega Man Battle Network: Operation Shooting Star,0.068942252
Futurama,0.129019048
Famicom Mini: Hikari Shinwa: Palutena no Kagami,0.049689685
The History Channel: Battle for the Pacific,0.101868173
Animal Kingdom: Wildlife Expedition,0.057752829
Rayman 3: Hoodlum Havoc,0.068687213
Momotarou Dentetsu Tag Match: Yuujou - Doryoku - Shouri no Maki!,0.088587754
Superman Returns,0.075024969
My First Songs,0.068292715
Super Ghouls 'n Ghosts,0.058832204
Boxing,0.063579653
NHL Open Ice,0.067791584
Legend of the Guardians: The Owls of Ga'Hoole,0.072627969
Gundam Battle Tactics,0.088587754
Touch Detective: Nameko Shigeru,0.046966841
Need for Speed Underground 2,0.063041739
Sky Gunner,0.129019048
And1 Streetball,0.068687213
Gladius,0.06215607
The Hustle: Detroit Streets,0.098882403
PhotoKano,0.056375189
Warriors Orochi 3,0.068286664
Real Sound: Kaze no Riguretto,0.046966841
Blood Drive,0.12710593
Again,0.063113494
Soccer Tsuku: Pro Soccer Club o Tsukurou!,0.072498595
Summon Night 4,0.088587754
Escape Dead Island,0.127577119
Torchlight,0.058923225
Pac-Man World 3,0.094670471
Rogue Trooper: Quartz Zone Massacre,0.055014552
Hero Bank,0.058878316
Disney's Planes,0.069550736
Winx Club,0.054733447
World Party Games,0.069664304
Classic Road,0.057119164
Cartoon Network: Punch Time Explosion XL,0.064961033
Utawarerumono: Itsuwari no Kamen,0.056375189
Damage Inc.: Pacific Squadron WWII,0.064961033
My Fun Facts Coach,0.075024969
The Idolm@ster: Live for You!,0.058878316
Tokimeki Memorial Girl's Side Premium: 3rd Story,0.076676279
Smashing Drive,0.066274584
Open Season,0.100807506
Mega Man Xtreme,0.039812943
America's Next Top Model,0.07580134
Bomberman Max 2: Red Advance,0.058832204
F.E.A.R. 2: Project Origin,0.080866049
Margot's Word Brain,0.081162004
Toy Soldiers: War Chest,0.090300378
Godai: Elemental Force,0.129019048
Chronicles of Mystery: The Secret Tree of Life,0.075370133
Still Life,0.06324523
Big Mutha Truckers 2,0.079275218
Hang On GP,0.062996829
Uprising X,0.063579653
SpongeBob's Truth or Square,0.071080637
Mega Man Xtreme 2,0.039812943
"Sesame Street: Ready, Set, Grover!",0.075024969
I-Ninja,0.058136218
Sigma Harmonics,0.068942252
Gunblade NY & L.A. Machineguns Arcade Hits Pack,0.067095448
The Lord of the Rings: The Battle for Middle-Earth,0.06947422
Kessen III,0.129019048
Learn Geography,0.075024969
Harlem Globetrotters: World Tour,0.0792369
The King of Fighters Collection: The Orochi Saga,0.094670471
Summon Night,0.068942252
Aero Elite: Combat Academy,0.129019048
"3 in 1: Solitaire, Mahjong & Tangram",0.085734276
Wrath Unleashed,0.129019048
Beyond Good & Evil,0.050244595
Divinity II: Ego Draconis,0.074413811
Pong / Asteroids / Yars' Revenge,0.058832204
Commandos 2: Men of Courage,0.058136218
Emergency 2012,0.055863423
Winter Sports 2: The Next Challenge,0.070702865
NOëL: La Neige,0.040995758
Busou Shinki: Battle Masters,0.088587754
Overlord: Minions,0.081162004
Roll Away,0.063579653
Derby Jockey: Kishou e no Michi,0.063090247
Fairy Fencer F: Advent Dark Force,0.096506575
Harukanaru Toki no Naka de 4,0.106435153
Roogoo Attack!,0.075024969
Maximum Chase,0.062254732
Prey the Stars,0.075024969
Winning Post 7 2012,0.104096144
Spot Goes to Hollywood,0.063579653
G Darius,0.059480896
Mucha Lucha! Mascaritas of the Lost Code,0.058832204
SD Gundam: Gashapon Wars,0.054543452
Alvin and the Chipmunks,0.129019048
Hearts of Iron III,0.062000458
Picture Perfect Hair Salon,0.075024969
River King: Mystic Valley (US sales),0.0792369
Kengo: Legend of The 9,0.08351142
Romance of the Three Kingdoms XI,0.124483664
Hammerin' Hero,0.090256511
Model * Oshare Audition: Dream Girl,0.065015351
Lupin Sansei: Shijou Saidai no Zunousen,0.057030777
Dark Souls III,0.088024608
Petz Fantasy 3D,0.064961033
WRC 2: FIA World Rally Championship,0.067707957
Archer Maclean's 3D Pool,0.058832204
Tak: The Great Juju Challenge,0.058136218
TMNT: Mutant Melee,0.06215607
Combat: Task Force 121,0.071057948
Winning Eleven Playmaker 2010: Aoki Samurai no Chousen,0.067793519
Goosebumps HorrorLand,0.123244609
Exhibition Volume 4,0.058136218
Viewpoint,0.059480896
Code Geass: Hangyaku no Lelouch - Lost Colors,0.076676279
Disney's Donald Duck Advance,0.058832204
Stacked with Daniel Negreanu,0.129019048
Hakuouki: Yuugi Roku,0.076676279
The Rub Rabbits!,0.07154913
Rapala Pro Bass Fishing 2010,0.088331408
Let's Ride! Friends Forever,0.063113494
Circus Maximus: Chariot Wars,0.062254732
Squishy Tank,0.075024969
Dungeon Maker II: The Hidden War,0.090256511
Discovery Kids: Parrot Pals,0.075024969
Kenyuu Densetsu Yaiba,0.058878316
Kidou Senshi Gundam: Giren no Yabou - Axis no Kyoui V,0.124483664
Kidou Senshi Gundam: Giren no Yabou - Axis no Kyoui V,0.094724789
Elements of Destruction,0.081162004
Serious Sam: Next Encounter,0.141940778
Eiken DS,0.068942252
Game Center CX: Arino no Chousenjou 2,0.068942252
Tom Clancy's Ghost Recon 2,0.058057313
E.X. Troopers,0.054779559
The Croods: Prehistoric Party!,0.066762814
J Legend Retsuden,0.065015351
SpongeBob's Truth or Square,0.09023908
Port Royale 3,0.095415935
Monster Racers,0.077405563
The King of Fighters: Evolution,0.058878316
DS Uranai Seikatsu,0.068942252
Hyperdimension Neptunia Re;Birth 3,0.066878188
Pro Farm 1,0.058923225
Pitfall: The Lost Expedition,0.058832204
Rock Band Country Track Pack 2,0.112103965
Speed Zone,0.070881328
All-Star Baseball 2004,0.063044135
Cho~ricchi! Tamagotchi no Puchi Puchi Omisecchi,0.065015351
Jewel Time Deluxe,0.079614672
James Cameron's Dark Angel,0.058136218
The Legend of Heroes: Trails in the Sky Third Chapter,0.088587754
Aqua Teen Hunger Force: Zombie Ninja Pro-Am,0.139607054
Hannspree Ten Kate Honda: SBK Superbike World Championship,0.122586567
Generator Rex: Agent of Providence,0.103082871
Alexi Lalas International Soccer,0.067791584
Dream Trigger 3D,0.053371083
Monster Rancher Battle Card: Episode II,0.063579653
NCAA College Football 2K3,0.055817007
Karaoke Revolution Party,0.05774211
Crayola: Colorful Journey,0.069664304
Itoi Shigesato no Bass Tsuri No. 1 Ketteihan!,0.043257383
Jumper: Griffin's Story,0.118468053
Operation Darkness,0.081981519
Emily the Strange: Strangerous,0.073670811
Famicom Mini: Nazo no Murasame-Jou,0.049689685
Galerians: Ash,0.106556578
Dead Island: Riptide,0.088024608
Jimmie Johnson's Anything With an Engine,0.079919853
R-Type Command,0.089387552
Yoostar on MTV,0.064961033
Just Dance: Disney Party 2,0.055939939
Kane & Lynch 2: Dog Days,0.071844955
Haunting Ground,0.13548854
Mahjong Fight Club DS: Wi-Fi Taiou,0.068942252
"Hi! Hamtaro - Little Hamsters,big Adventures: Ham-Ham Challenge",0.075024969
Grand Kingdom,0.087693499
Robocalypse,0.081162004
Vampire Knight DS,0.057030777
Disney Sports Skateboarding,0.063044135
Homie Rollerz,0.079143482
Let's Paint,0.069664304
Rugby League 3,0.072504647
Magi: The Labyrinth of Beginning,0.058878316
Escape Dead Island,0.088101123
Tom Clancy's Splinter Cell: Chaos Theory,0.064473974
The Croods: Prehistoric Party!,0.081144573
I Don't Have Many Friends Portable,0.076676279
SimCity 4: Deluxe Edition,0.058923225
Jewel Link Chronicles: Legend of Athena,0.07365338
CSI: Dark Motives,0.0540924
Burnout Paradise: The Ultimate Box,0.106314994
Loons: The Fight For Fame,0.058136218
Romance of the Three Kingdoms IX,0.118468053
Second Sight,0.046224743
Metal Gear Solid,0.039812943
The Legend of Heroes: Trails in the Sky First Chapter,0.068286664
Totaled!,0.062254732
Bleach: Heat the Soul 3,0.088587754
Ecco: The Tides of Time,0.046966841
Make 10: A Journey of Numbers,0.068942252
Fantasy Aquarium by DS,0.075024969
Rock Band Track Pack: Classic Rock,0.064961033
Operation Flashpoint: Red River,0.058234158
Machine Head,0.059480896
Vanguard Bandits,0.063579653
MLB Front Office Manager,0.058621969
Lost Heroes,0.088587754
Vampire Legends: Power of Three,0.063113494
Child of Light,0.074337106
The Legend of Heroes VII: The Trail of Zero,0.068286664
Shin Chan Contra ¡Los Plastas!,0.068942252
Haikyuu!! Tsunage! Itadaki no Keshiki!!,0.046966841
Silent Hill: Origins,0.13548854
Blast Radius,0.063579653
ESPN National Hockey Night,0.122679985
Tornado,0.075024969
Cut the Rope,0.054410038
Resident Evil: Revelations 2,0.074490326
Pro Yaky? Spirits 2011,0.063090247
Taz Wanted,0.058136218
Disaster: Day of Crisis,0.058697273
Shounen Sunday x Shounen Magazine: Nettou! Dream Nine,0.073154183
Harry Potter and the Sorcerer's Stone,0.058136218
McFarlane's Evil Prophecy,0.13548854
IA/VT Colorful,0.068286664
We Sing Rock!,0.068292715
Wallace & Gromit in Project Zoo,0.051605075
Shadowgate 64: Trials of the Four Towers,0.034746595
Super Robot Spirits,0.009999346
Mia Hamm Soccer 64,0.050870001
John Madden Football,0.063090247
Caesars Palace Advance: Millennium Gold Edition,0.058832204
Aero Gauge,0.050776583
Battlezone: Rise of the Black Dogs,0.04665807
Teenage Mutant Ninja Turtles: Tournament Fighters,0.064753014
Moxie Girlz,0.075024969
Damnation,0.079412663
Samurai Warriors,0.058136218
GunParade Orchestra: Shiro no Shou,0.106435153
Rec Room Games,0.0792369
Zettai Zetsumei Toshi 3: Kowareyuku Machi to Kanojyo no Uta,0.088587754
FIFA Soccer 2004,0.055817007
Super Robot Taisen OG Saga: Masou Kishin III - Pride of Justice,0.099884213
Record of Agarest War,0.097398759
SNK Arcade Classics Vol. 1,0.059113309
Dave Mirra BMX Challenge,0.088331408
Rayman 3: Hoodlum Havoc,0.051605075
Tony Hawk's Pro Skater 5,0.058621969
Tales of Rebirth,0.088587754
The Guy Game,0.075156705
Let's Ride! Dreamer,0.046920729
Fantasia: Music Evolved,0.072627969
Tecmo's Deception,0.063579653
Point Blank DS (JP sales),0.064843495
Ghost in the Shell: Stand Alone Complex,0.072208001
G-Saviour,0.118346629
Open Season,0.065250345
Gintama DS: Yorozuya Daisoudou,0.068942252
Drake of the 99 Dragons,0.041956565
Dave Mirra BMX Challenge,0.063325241
BlazBlue: Chrono Phantasma,0.061211507
Crayon Shin-Chan: Obaka Daininden - Susume! Kasukabe Ninja Tai!,0.068942252
Crimson Sea 2,0.118468053
Tokyo Twilight Ghost Hunters,0.063610368
Higurashi no Nakukoru ni Kizuna: Dai-Ichi-Kan - Tatari,0.057030777
Doraemon: Nobita to Himitsu Dougu Hakubutsukan,0.065015351
Ragnarok: Hikari to Yami no Koujo,0.090325673
Saint Seiya: Brave Soldiers,0.102283073
Earth Defense Force 2: Invaders from Planet Space,0.060342547
Digimon World Championship,0.068942252
AMF Bowling Pinbusters!,0.068685905
RayStorm,0.059480896
Disney's Winnie the Pooh's Rumbly Tumbly Adventure,0.051605075
Dynasty Warriors 8: Empires,0.05746984
Trick DS-han: Kakushi Kami no Sumukan,0.068942252
Circuit Breakers,0.067698166
Winter Sports 2011,0.072504647
futureU: The Prep Game for SAT,0.064473974
Catwoman,0.051605075
Colosseum: Road to Freedom,0.13548854
Tank! Tank! Tank!,0.089717618
Football Manager 2010,0.063135157
Target: Terror,0.072035039
Mugen Souls Z,0.104020992
BeatMania,0.124605089
Sprint Cars: Road to Knoxville,0.122586567
Guilty Gear Xrd -Revelator-,0.106419853
Crayon Shin-Chan: Densetsu o Yobu Omake no To Shukkugaan!,0.049689685
Shrek's Carnival Craze Party Games,0.118468053
Dream Dance & Cheer,0.059113309
Silpheed: The Lost Planet,0.114369296
Billy's Boot Camp: Wii de Enjoy Diet!,0.067793519
Real Time Conflict: Shogun Empires,0.070611009
Spartan: Total Warrior,0.068625562
Pitfall: The Lost Expedition,0.046055322
Hoppechan: Minna de Odekake! Waku Waku Hoppe Land!!,0.065015351
Fantastic Four,0.063579653
Yamaha Supercross,0.064761724
Petz: Hamsterz Bunch,0.084119476
Higurashi no Naku Koro ni Matsuri: Kakera Asobi,0.106435153
River City Ransom EX,0.058832204
Bionicle Heroes,0.057978217
San Goku Shi Taisen Ten,0.075079287
Ant Nation,0.07655487
Fable: The Lost Chapters,0.074413811
Fairy Tail: Zelef Kakusei,0.088587754
Strike Point,0.063579653
Crazy Taxi 2,0.062996829
The Sims 2: Seasons,0.045312428
Dragon Slayer: The Legend of Heroes,0.058878316
Street Fighter II': Special Champion Edition (JP weekly sales),0.058878316
Pizza Delivery Boy,0.059113309
Tom and Jerry in War of the Whiskers,0.051605075
Keroro RPG: Kishi to Musha to Densetsu no Kaizoku,0.068942252
Famicom Mini: Wrecking Crew,0.049689685
Suzumiya Haruhi no Gekidou,0.051670112
Lost Heroes 2,0.065015351
Heavenly Guardian,0.055014552
Dynasty Warriors DS: Fighter's Battle,0.078555125
The Testament of Sherlock Holmes,0.064032237
Space Hulk: Vengeance of the Blood Angels,0.059480896
Robot Alchemic Drive,0.118468053
Alpha and Omega,0.064473974
Motor Toon Grand Prix (Japan),0.047343711
Dino Master: Dig Discover Duel,0.064473974
Ken to Mahou to Gakuen Mono. 3,0.099884213
Tomb Raider: Legend,0.067533776
Warhammer: Battle For Atluma,0.084119476
Hikaru no Go: Heian Gensou Ibunroku,0.031313722
Eagle Flight,0.092175443
Operation: Vietnam,0.060375217
Samurai Shodown,0.058878316
OverBlood 2,0.043225197
Fighter Maker 2,0.118468053
Lifeline,0.123577065
Judie no Atelier: Guramnat no Renkinjutsushi,0.118346629
Dragon Valor,0.063579653
Tokyo Beat Down,0.064473974
NHL 2005,0.055817007
Midway Arcade Treasures 3,0.051605075
Microsoft Flight Simulator 2004: A Century of Flight,0.058923225
"Horrid Henry: The Good, The Bad and The Bugly",0.063589444
Firefighter F.D.18,0.118468053
Anubis II,0.059113309
Goodbye Deponia,0.04701175
Pro Yaky? Spirits 2014,0.072498595
Legend of Kay,0.084339086
Cartoon Network: Punch Time Explosion XL,0.095415935
DS Nishimura Kyotaro Suspense 2 Shin Tantei Series: Kanazawa Hakodate - Gokkan no Kyoukoku - Fukushuu no Kage,0.057030777
The Book of Unwritten Tales 2,0.087568309
Ultimate Board Game Collection,0.084119476
Mega Man X4,0.058878316
Jackass the Game DS,0.064473974
Jake Power: Handyman,0.052562499
My Dress-Up,0.082691905
Power Pro GB,0.044024875
Beat City,0.064473974
Sudoku Fever,0.058832204
Inversion,0.112927367
The Putter Golf,0.067791584
Ultimate Marvel vs. Capcom 3,0.066074897
The Powerpuff Girls: Relish Rampage,0.051605075
Super Real Mahjong Graffiti,0.058878316
Future Card Buddy Fight: Yuujou no Bakunetsu Fight,0.065015351
Ninja Warriors,0.058878316
Army Men: RTS,0.051605075
Classic Action: Devilish,0.064473974
Zettai Onkan Otoda Master,0.068942252
Assassin's Creed Chronicles,0.06906903
Dragoneer's Aria,0.096462709
Xbox Live Arcade Unplugged Volume 1,0.055939939
TigerShark,0.063579653
Major League Baseball 2K10,0.088331408
Norse by Norsewest: The Return of the Lost Vikings,0.063579653
N+,0.064473974
Titanic Mystery,0.066003875
Backyard NFL Football '09,0.068685905
Obscure,0.123577065
Sega Soccer Slam,0.055817007
Katekyoo Hitman Reborn! DS: Fate of Heat - Hono no Unmei,0.068942252
Shin Lucky * Star: Moe Drill ~Tabidachi~,0.068942252
DefCon 5,0.059480896
Secret Service: Ultimate Sacrifice,0.118468053
Transformer: Rise of the Dark Spark (3DS),0.055939939
Deep Labyrinth,0.070611009
Nichibeikan Pro Yakyuu: Final League,0.12255856
Spawn: Armageddon,0.068625562
God Hand,0.135367115
Shin Chan: Las Nuevas Aventuras Para Wii!,0.063581587
Junior Classic Books & Fairytales,0.066003875
Legends of Wrestling II,0.058832204
Fatal Fury: Battle Archives Volume 2,0.118468053
Mario Tennis,0.072504647
Jurassic Park: Operation Genesis,0.046055322
FIFA Soccer 06,0.063044135
Freddi Fish: Kelp Seed Mystery,0.047201834
RedCard 20-03,0.122679985
Brothers in Arms: Furious 4,0.115987169
Future Tactics: The Uprising,0.118468053
Kanji Sonomama DS Rakubiki Jiten,0.068942252
Driver: Parallel Lines,0.067194322
Hyperdimension Neptunia Victory,0.068286664
everGirl,0.046920729
Heroes Phantasia,0.088587754
Top Gun,0.095415935
Batman: Rise of Sin Tzu,0.058832204
Chuugaku Eitango Target 1800 DS,0.068942252
Sherlock Holmes: Crimes & Punishments,0.094231198
Basketball Hall of Fame Ultimate Hoops Challenge,0.063325241
Dragon Ball Z: Battle of Z,0.062059543
World Racing,0.050173836
Resident Evil 5,0.062332915
X-Men: The Official Game,0.064969239
Disney's Party,0.058832204
Generator Rex: Agent of Providence,0.07214091
Storybook Workshop,0.059113309
Command & Conquer 3: Tiberium Wars,0.058923225
Card Games,0.063579653
Tropix,0.064473974
Mega Man: Battle & Chase,0.047343711
Winning Post 7 2010,0.104096144
Build-A-Bear Workshop: Friendship Valley,0.059113309
Pipe Mania,0.084119476
Daniel X: The Ultimate Power,0.070611009
Destrega,0.063579653
Fantasy Aquarium World,0.059113309
Nobunaga no Yabou: Tendou with Power-Up Kit,0.099884213
The Final Round,0.067791584
MAPLUS: Portable Navi,0.088587754
Rayman Arena,0.050173836
Order Up!!,0.096945836
Reader Rabbit 1st Grade,0.059113309
The King of Fighters 02/03,0.118468053
Port Royale 3,0.054410038
Army Men: Green Rogue,0.051498757
Centipede / Breakout / Warlords,0.058832204
Lucian Bee's: Justice Yellow / Evil Violet,0.106435153
Sly 2: Band of Thieves,0.092514445
Armored Core: Nine Breaker,0.118468053
Doraemon: Nobita no Shin Makai Daibouken DS,0.068942252
Terraria,0.097080924
Cabela's Big Game Hunter 2005 Adventures,0.055817007
Worms 3D,0.051605075
BlazBlue: Chrono Phantasma Extend,0.055939939
TRON: Evolution,0.049743819
Pac-Man and the Ghostly Adventures 2,0.0516954
Dark Souls,0.075943712
National Geographic Challenge!,0.054410038
Gambler Densetsu Tetsuya,0.106435153
The Guided Fate Paradox,0.090202177
Mayhem 3D,0.064665587
Bleach: Hanatareshi Yabou,0.118346629
Karaoke Revolution Party,0.052192357
Alex Rider: Stormbreaker,0.064473974
Yoake Yori Ruriiro na: Brighter than Dawning Blue,0.106435153
Carol Vorderman's Sudoku,0.073568481
Pandemonium 2,0.051498757
Gundam Try Age SP,0.065015351
WipEout HD Fury,0.102769994
Fallout: Brotherhood of Steel,0.13548854
Dreamer Series: Pop Star,0.067533776
Penguins of Madagascar,0.063589444
12-Sai. Honto no Kimochi,0.046966841
Parlor! Mini 2,0.058878316
"Flower, Sun, and Rain",0.052562499
Gunstar Super Heroes,0.060870482
C: The Contra Adventure,0.0474
Interactive Storybook DS Series 1,0.064473974
Frogger Advance: The Great Quest,0.058832204
Cities XL 2012,0.057393324
Worms Forts: Under Siege,0.046055322
Dream C Club,0.058878316
Pocky & Rocky with Becky,0.054733447
The Tale of Despereaux,0.064473974
Jam Sessions 2,0.070611009
Full Spectrum Warrior: Ten Hammers,0.123407644
Streets of Rage 3,0.058878316
Just Dance: Disney Party 2,0.055939939
Natural Doctrine,0.079761895
Hasbro Family Game Night Fun Pack,0.054410038
Pro Yaky? Spirits 4,0.104096144
Prince of Persia: The Fallen King,0.064473974
My Horse & Me: Riding for Gold,0.070215806
Speed Racer,0.05561727
NHL Hitz Pro,0.050267253
Cardfight!! Vanguard: Lock On Victory!!,0.065015351
Broken Sword 5: The Serpent's Curse,0.087568309
Alan Wake,0.058923225
Atelier Meruru: Alchemist of Arland 3,0.058604628
Hot Wheels: Burnin' Rubber,0.062950717
Lost in Blue 2,0.066435632
Ojyousama Express,0.043225197
Risen 3: Titan Lords,0.077550128
Steambot Chronicles: Battle Tournament,0.089387552
Wings of War,0.046055322
187: Ride or Die,0.067194322
RPG Maker 3,0.112524193
Zatch Bell! Mamodo Battles,0.051605075
Genkai Tokki Monster Monpiece,0.058604628
Desert Strike Advance,0.058832204
Kabuki Warriors,0.063075809
Discworld,0.039587282
Motion Explosion!,0.055939939
World Poker Tour,0.046055322
Age of Empires III: The Asian Dynasties,0.046842329
Elite Forces: Unit 77,0.064473974
IL-2 Sturmovik: Birds of Prey,0.070611009
Moshi Monsters: Katsuma Unleashed,0.058999741
Pirates: The Legend of Black Kat,0.034143847
July,0.037284805
Crime Lab: Body of Evidence,0.0540924
Disney's Chicken Little: Ace In Action,0.060375217
ESPN Winter X-Games: Snowboarding 2002,0.063044135
Bleach: Versus Crusade,0.053899552
Kanon,0.037284805
NanoBreaker,0.123407644
You Don't Know Jack,0.064473974
Bionicle,0.046055322
GRID 2,0.063041739
Cabela's Trophy Bucks,0.063325241
Cosmos Chaos!,0.064473974
Guitar Freaks 3rdMIX & DrumMania 2ndMIX,0.108664593
Taiko no Tatsujin: Atsumete Tomodachi Daisakusen!,0.04919628
Criminal Girls: Invite Only,0.078892935
Miami Vice: The Game,0.097041206
Samurai Warriors Chronicles 3,0.058604628
BMX XXX,0.072837493
Disney's Magical Quest 2 Starring Mickey and Minnie,0.058832204
Bullet Girls,0.058604628
One Piece: Unlimited World Red,0.058791723
Aggressive Inline,0.050267253
Ikki Tousen: Xross Impact,0.078905719
Smart Boy's Toys Club,0.064473974
Insecticide,0.070611009
Super Mahjong 2: Honkaku 4Jin Uchi,0.04919628
XGRA: Extreme G Racing Association,0.110505671
Mitsukete! Keroro Gunsou: Machigai Sagashi Daisakusen de Arimasu!,0.059260216
Family Trainer: Treasure Adventure,0.060423751
Pop'n Music Portable 2,0.078905719
Kamen Rider: Dragon Knight,0.059113309
Darksiders II,0.074490326
Ys vs. Sora no Kiseki: Alternative Saga,0.078905719
Naruto: Ultimate Ninja Heroes (JP sales),0.078905719
Akagawa Jirou Mystery: Yasoukyoku - Hon ni Manekareta Satsujin,0.047348741
Ray Tracers,0.05561727
Mario vs. Donkey Kong: Tipping Stars,0.04919628
Tournament of Legends,0.062173111
Frogger: Helmet Chaos,0.064473974
Escape from Bug Island,0.076794738
Nicola Kanshuu: Model * Oshare Audition,0.059260216
Hisshou Pachinko*Pachi-Slot Kouryaku Series Vol. 14: CR Shinseiki Evangelion: Saigo no Mono,0.108664593
Cold Stone Creamery: Scoop It Up,0.059113309
My Pet Shop,0.064473974
James Bond 007: Blood Stone,0.061905118
Kururin Paradise,0.040007649
Gradius Collection,0.0782828
Kiniro no Corda 2,0.108664593
Dynasty Warriors Vs,0.055333316
Fist of the North Star: Ken's Rage 2,0.071222506
Gallop Racer 2004,0.110599089
Sunrise Eiyuutan R,0.108664593
Rayman: Hoodlum's Revenge,0.058832204
Mobile Suit Gundam Seed: Never Ending Tomorrow,0.1022884
F1 2001,0.050173836
Utawarerumono: Futari no Hakuoro,0.058604628
Fishing Master (jp sales),0.058111484
OK! Puzzle Stars,0.07365338
Zill O'll Infinite Plus,0.078905719
Tonka Rescue Patrol,0.051605075
GunGriffon II,0.04919628
Crimson Gem Saga,0.084119476
Monster Tale,0.064473974
Legend of the Dragon,0.059113309
Cel Damage,0.055723589
Backyard Hockey,0.068685905
Famicom Mini: Balloon Fight,0.040007649
Steins;Gate: Senkei Kousoku no Phonogram,0.078290702
Seaman 2: Peking Genjin Ikusei Kit,0.108664593
Chou Gekijouban Keroro Gunsou 3: Tenkuu Daibouken de Arimasu!,0.059260216
Sprung - A Game Where Everyone Scores,0.052562499
Mirror's Edge Catalyst,0.057393324
The Pinball of the Dead,0.058832204
Growlanser IV: Over Reloaded,0.078905719
Arc the Lad: End of Darkness,0.106387157
The King of Route 66,0.110505671
Tom Clancy's Splinter Cell: Pandora Tomorrow,0.058832204
Western Riding Academy,0.064473974
Bubble Bobble also featuring Rainbow Islands,0.051498757
Intellivision Lives!,0.051605075
Tokobot,0.084119476
Monster Madness: Grave Danger,0.080766183
Panzer Tactics,0.064473974
Pro Yaky? Spirits 2013,0.06281656
Robotica,0.045097523
Super Robot Wars OG: The Moon Dwellers,0.090202177
Deathrow: Underground Team Combat,0.050267253
The Amazing Spider-Man 2 (2014),0.065136776
Paws & Claws: Marine Rescue,0.064473974
Land of the Dead: Road to Fiddler's Green,0.058977052
Odin Sphere: Leifthrasir,0.094338957
R-Types,0.0474
Star Fighter,0.0474
Game Center CX: 3-Choume no Arino,0.055333316
Assetto Corsa,0.091517402
NHL 2K9,0.069462276
Kuukan * Zukei: Hirameki Training - KuuTore,0.059260216
Osu! Tatakae! Ouendan,0.059260216
Dissidia: Final Fantasy Universal Tuning,0.078905719
Fast Food Panic,0.059113309
"Warhammer 40,000: Squad Command",0.066003875
Johnny Test,0.064473974
One Piece: Burning Blood,0.046918845
TrackMania Turbo,0.060529642
Pro Evolution Soccer 2015,0.063135157
Jewels of the Ages,0.056982781
Meitantei Conan: Aoki Houseki no Rinbukyoku,0.047348741
The Legend of Heroes: Trails in the Sky Second Chapter,0.078905719
Zero Escape: Zero Time Dilemma,0.056638483
Bionicle Heroes,0.060375217
Mystic Heroes,0.106387157
Tron 2.0: Killer App,0.048281209
Jurassic Park III: Park Builder,0.048281209
Unchained Blades,0.078905719
NHL Legacy,0.054410038
Rurouni Kenshin: Meiji Kenkaku Romantan Saisen,0.078905719
Santa Claus Is Comin' to Town!,0.064473974
Disney Infinity 2.0: Marvel Super Heroes,0.060916896
Octomania,0.059113309
Godzilla (2014),0.090202177
Code Geass: Hangyaku no Lelouch - Lost Colors,0.096753118
Showtime Championship Boxing,0.065250345
LEGO Bionicle,0.048281209
Ansatsu Kyoushitsu: Assassin Ikusei Keikaku!!,0.055333316
Power Shovel,0.040947762
Bomberman Land,0.084119476
A llI S.V.: A Ressha de Gyoukou 3 Super Version,0.04919628
My Pet Chimp,0.064473974
Generator Rex: Agent of Providence,0.062076974
Chrysler Classic Racing,0.063231823
Spy Games: Elevator Mission,0.055014552
The Book of Unwritten Tales: The Critter Chronicles,0.063862816
Steins;Gate,0.091295834
Nights of Azure,0.082809185
Strike Force Bowling,0.055817007
Age of Empires Online,0.051449463
Earth Defense Force 2017 Portable,0.058604628
Atelier Iris 2: The Azoth Of Destiny,0.112524193
Spy Fox in Dry Cereal,0.047201834
There,0.040947762
Tokimeki no Houkago,0.043225197
Championship Surfer,0.045159693
Zumba Fitness Core,0.074429751
Lego Batman 3: Beyond Gotham,0.06506026
Di-Gata Defenders,0.064473974
Monster Garage,0.046055322
ZhuZhu Pets: Quest for Zhu,0.064473974
Akai Katana Shin,0.038891326
A-Train: City Simulator,0.055333316
Tecmo Classic Arcade,0.046055322
2 Games in 1: Sonic Pinball Party & Columns Crown,0.048281209
Mad Maestro!,0.106387157
Densha De Go! 3 Tsuukinhen,0.108664593
Biker Mice From Mars,0.116642706
From The Abyss,0.064473974
Jewel Quest IV: Heritage,0.061572484
Daito Giken Koushiki Pachi-Slot Simulator: Ossu! Banchou Portable,0.078905719
Sudoku Ball Detective,0.070611009
The LEGO Movie Videogame,0.062000458
DuckTales: Remastered,0.054410038
Giants: Citizen Kabuto,0.1022884
Steins;Gate,0.037284805
Crayon Shin-chan: Arashi o Yobu Kasukabe Eiga Stars!,0.037284805
Star Wars Knights of the Old Republic II: The Sith Lords,0.045312428
MX vs. ATV Supercross,0.051037358
Grand Kingdom,0.061872448
Risen 3: Titan Lords,0.087398888
Guilty Gear XX Accent Core Plus,0.106387157
LEGO Batman: The Videogame,0.049919562
Alone in the Dark,0.111496169
Muppets Party Cruise,0.106387157
Higurashi Daybreak Portable,0.066994244
Shonen Jump's One Piece: Grand Battle,0.051605075
Transformer: Rise of the Dark Spark,0.051525979
Barbie Horse Adventures: Wild Horse Rescue,0.050267253
Blast Lacrosse,0.045159693
Kikou Heidan J-Phoenix,0.108664593
Backyard NFL Football '10,0.110599089
DreamWorks Super Star Kartz,0.060058452
Earth Defense Force 4.1: The Shadow of New Despair,0.095730915
Legend of Kay,0.064473974
Shonen Jump's Shaman King: Legacy of the Spirits - Soaring Hawk/Sprinting Wolf,0.048281209
Bubble Bobble: Old & New,0.048281209
Speed,0.066291625
Naruto Shippuden: Gekito Ninja Taisen! Special,0.053899552
Jissen Pachislot Secrets! Fist of the North Star F - Seikimatsu Kyuuseishu Densetsu,0.090202177
Kekkon: Marriage,0.037284805
KimiKiss,0.096753118
Nicola Kanshuu: Model * Oshare Audition 2,0.055333316
Cold Fear,0.063075809
Imagine: Gymnast,0.066003875
Hisshou Pachinko*Pachi-Slot Kouryaku Series Portable Vol. 1: Shinseiki Evangelion - Tamashii no Kiseki,0.078905719
Challenge Me: Brain Puzzles,0.064473974
Shining Force Feather,0.065397252
The Technomancer,0.113440469
Kurupoto Cool Cool Stars,0.064473974
Attack on Titan (KOEI),0.090202177
Cocoto Kart Racer,0.063231823
Mobile Suit Gundam 00: Gundam Meisters,0.108664593
Imagine: Cheerleader,0.064473974
Nazotoki Battle Tore! Densetsu no Makyuu o Fukkatsu Saseyo!,0.055333316
Theme Park,0.054375902
Call of Cthulhu: Dark Corners of the Earth,0.051164334
The Great Escape,0.046055322
Blur,0.055567977
Super Robot Wars OG Saga Masou Kishin F: Coffin of the End,0.090202177
The Next BIG Thing,0.041067889
Metal Gear Solid: Social Ops,0.106387157
Minna no DS Seminar: Kanpeki Eitango Ryoku,0.059260216
Kirarin * Revolution: Minna de Odorou Furi Furi Debut!,0.059260216
PenPen TriIceLon,0.053314794
Salt Lake 2002,0.05249314
SBK 2011: FIM Superbike World Championship,0.055627061
DropCast,0.064473974
Alien Syndrome,0.048562314
Vexx,0.051605075
Crazy Chicken Tales,0.065250345
Hagane no Renkinjutsushi - Fullmetal Alchemist: Yakusoku no Hi e,0.078905719
Mega Man Battle Network 5: Double Team DS (US sales),0.070611009
Attack on Titan (KOEI),0.065469232
Batman: Rise of Sin Tzu,0.051605075
Secret Files: Tunguska,0.03818074
EverQuest II: Destiny of Velious,0.049743819
Unreal Tournament III,0.059764059
Disney Sports Skateboarding,0.055817007
Summon Night 6: Lost Borders,0.058604628
Summon Night 2,0.059260216
Chou Soujuu Mecha MG,0.059260216
Pro Evolution Soccer 2012,0.108664593
Grey's Anatomy: The Video Game,0.048731735
Terminator 3: The Redemption,0.041956565
Arkanoid DS,0.064473974
Call of Duty 2,0.042743572
Big Bang Mini,0.049824222
Rurouni Kenshin: Meiji Kenyaku Romantan - Kansen,0.078905719
Chevrolet Camaro: Wild Ride,0.063231823
Genkai Tokki: Moero Crystal,0.058604628
Project Setsuna,0.085086621
Serious Sam II,0.058977052
Neon Genesis Evangelion,0.017451941
Song of the Deep,0.043859043
JoJo's Bizarre Adventure: All Star Battle,0.054410038
Digimon All-Star Rumble,0.062076974
The Legend of Heroes VII: The Trail of Blue,0.058604628
MotoGP 10/11,0.055627061
Cabela's Big Game Hunter (2008),0.058621969
Dead Rising 2: Off the Record,0.069824108
Flipnic: Ultimate Pinball,0.106387157
ICO,0.090202177
Eigo de Tabisuru: Little Charo,0.059260216
World Series of Poker 2008: Battle for the Bracelets,0.053922979
NBA Hangtime,0.045159693
Busy Scissors,0.064473974
Dreamer Series: Zoo Keeper,0.064473974
D.C. II P.S.: Da Capo II Plus Situation,0.096753118
The Witcher,0.063862816
Mike Piazza's Strike Zone,0.040319006
Bust-A-Move '99,0.036107075
Star Soldier: Vanishing Earth,0.049028804
Top Gear Hyper-Bike,0.040225588
Brunswick Circuit Pro Bowling,0.040319006
Olympic Hockey 98,0.040319006
CyberTiger,0.040319006
Polaris SnoCross,0.040225588
Penny Racers,0.040225588
S.C.A.R.S,0.040225588
Another Code R: A Journey into Lost Memories,0.049184659
Virtual Chess 64,0.036107075
Marvel Super Heroes,0.04919628
Worms Blast,0.051605075
Atelier Sophie: The Alchemist of the Mysterious Book,0.058604628
Prinny: Can I Really Be The Hero? (US sales),0.084119476
Coded Arms: Contagion,0.069469724
Foster's Home for Imaginary Friends: Imagination Invaders,0.052562499
Smile PreCure! Let's Go! Marchen World,0.055333316
S.T.A.L.K.E.R.: Call of Pripyat,0.059764059
IHRA Professional Drag Racing 2005,0.039622841
Tokyo Xtreme Racer Advance,0.052399722
Doraemon: Nobita no Uchuu Eiyuuki,0.055333316
Disney's Kim Possible: Global Gemini,0.066003875
Rock Blast,0.064473974
I Love Beauty: Hollywood Makeover,0.064473974
A New Beginning,0.034930854
World Cup of Pool,0.068685905
Santa Claus Is Comin' to Town!,0.059113309
Create,0.040722725
MLB Power Pros 2008,0.068685905
Combat Elite: WWII Paratroopers,0.1022884
Power Pro Success Legends,0.08311765
Killer Loop,0.045066275
Cabela's Dangerous Hunts: Ultimate Challenge,0.088331408
Little League World Series Baseball 2008,0.068685905
Worldwide Soccer,0.053408212
Toriko: Gourmet Battle!,0.04919628
Tony Hawk's Pro Skater 5,0.089076871
Showtime Championship Boxing,0.070611009
Commandos: Strike Force,0.1022884
Mobile Suit Gundam: Gundam vs. Zeta Gundam,0.1022884
Puzzler Collection,0.048562314
Rapala Pro Fishing,0.05249314
Guilty Gear X: Advance Edition,0.048281209
Fate/Tiger Colosseum Upper,0.078905719
Zaidan Houjin Nippon Kanji Nouryoku Kentei Kyoukai Kounin: KanKen DS3 Deluxe,0.059260216
Warriors of the Lost Empire,0.073568481
Pop Cutie! Street Fashion Simulation,0.064473974
Ford Racing 3,0.052399722
Culdcept Revolt,0.055333316
Devil's Third,0.074490326
PachiPara 13: Super Umi no Pachi-Pro Fuuunroku,0.108664593
World Soccer Winning Eleven 9 (US sales),0.077780413
Star Trek: Tactical Assault,0.066003875
Oddworld: Munch's Oddysee,0.048281209
Winning Post 4 Maximum,0.112876525
Xiaolin Showdown,0.079705516
Exhibition Volume 5,0.035504327
Record of Lodoss War: Eiyuu Sensou,0.04919628
Pro Yakyuu Netsu Star 2007,0.112876525
Starry ? Sky: In Summer,0.078905719
Klonoa Beach Volleyball,0.045159693
Melty Blood: Actress Again,0.108664593
Mahouka Koukou no Rettousei: Out of Order,0.046693153
3D Lemmings,0.040947762
Hi Hi Puffy AmiYumi: Kaznapped,0.048281209
Broken Sword: The Shadow of the Templars,0.036369734
Resident Evil - Code: Veronica X,0.068625562
Corpse Party: Back to School Edition,0.038084603
Tenchi Muyou! Ryoukouki Gokuraku,0.037284805
Kelly Slater's Pro Surfer,0.055817007
I Am In The Movie,0.078905719
Zoo Tycoon: Complete Collection,0.042252626
Trapt,0.123407644
Splat Renegade Paintball,0.039716259
Lord of Magna: Maiden Heaven,0.04919628
SpongeBob SquarePants: Plankton's Robotic Revenge,0.065627722
Metal Max 4: Gekkou no Diva,0.04919628
Magi: Aratanaru Sekai,0.04919628
Worms 3D,0.035504327
Playmobil Knights,0.05545288
MXGP 2,0.051037358
PoPoLoCrois,0.073568481
Dragon Rage,0.1022884
Theresia...,0.05903199
Sacred 2: Fallen Angel,0.063862816
Dance Sensation!,0.059113309
Adventure Time: The Secret of the Nameless Kingdom,0.057645583
Teenage Mutant Ninja Turtles 3: Mutant Nightmare,0.053922979
